/* DATA DESCRIPTION:																																																							
Citation:	Torres-Valdés, Sinhue; Morische, Annika; Wischnewski, Laura (2019): Nutrient measurements from POLARSTERN cruise PS99.2 to Fram Strait (LTER HAUSGARTEN). Alfred Wegener Institute, Helmholtz Centre for Polar and Marine Research, Bremerhaven, PANGAEA, https://doi.org/10.1594/PANGAEA.906132																																																						
Abstract:	This is a quality controlled revision of nutrient (nitrate plus nitrite, nitrite, phosphate, silicate and ammonium) measurements carried out during expedition PS99.2 aboard RV Polarstern (24 June 2016 - 16 July 2016) as part of the LTER HAUSGARTEN. It had not been previously been submitted to PANGAEA because at the time of analyses, problems were encountered with the instrumentation used. After an exhaustive quality controlled assessment of the data, here we are now providing a revised version, where data has been quality flagged.																																																						
Keyword(s):	Arctic Ocean nutrients; Dissolved Inorganic Nutrient; Fram Strait; Hausgarten																																																						
Related to:	Tippenhauer, Sandra; Torres-Valdés, Sinhue; Fong, Allison A; Krauß, Florian; Huchler, Marie; Wisotzki, Andreas (2017): Physical oceanography during POLARSTERN cruise PS99.2 (ARK-XXX/1.2). Alfred Wegener Institute, Helmholtz Centre for Polar and Marine Research, BremerhavenPANGAEA, https://doi.org/10.1594/PANGAEA.871949																																																						
	Tippenhauer, Sandra; Torres-Valdés, Sinhue; Fong, Allison A; Krauß, Florian; Huchler, Marie; Wisotzki, Andreas (2017): Physical oceanography measured on water bottle samples during POLARSTERN cruise PS99.2 (ARK-XXX/1.2). Alfred Wegener Institute, Helmholtz Centre for Polar and Marine Research, BremerhavenPANGAEA, https://doi.org/10.1594/PANGAEA.871952																																																						
Further details:	Nutrient data report, POLARSTERN cruise PS99.2 (URI: https://store.pangaea.de/Publications/Torres-ValdesS-etal_2019/PS99_2_Nutrient_data_report.pdf)																																																						
Project(s):	FRontiers in Arctic marine Monitoring (FRAM) (URI: https://www.awi.de/en/expedition/observatories/ocean-fram.html)																																																						
	Long-term Investigation at AWI-Hausgarten off Svalbard (Hausgarten) (URI: http://www.awi.de/forschung/besondere-gruppen/tiefsee-brueckengruppe/wissenschaft.html)																																																						
Coverage:	MEDIAN LATITUDE: 79.118334 * MEDIAN LONGITUDE: 3.890322 * SOUTH-BOUND LATITUDE: 78.609160 * WEST-BOUND LONGITUDE: -4.650300 * NORTH-BOUND LATITUDE: 79.921200 * EAST-BOUND LONGITUDE: 11.092500																																																						
	DATE/TIME START: 2016-06-25T12:34:00 * DATE/TIME END: 2016-07-10T20:45:00																																																						
	MINIMUM DEPTH, water: 5 m * MAXIMUM DEPTH, water: 5500 m																																																						
Event(s):	PS99/041-6 (S_3) * LATITUDE: 78.607830 * LONGITUDE: 5.046830 * DATE/TIME: 2016-06-25T12:34:00 * ELEVATION: -2344.6 m * LOCATION: North Greenland Sea * CAMPAIGN: PS99.2 (ARK-XXX/1.2) (URI: https://doi.org/10.2312/BzPM_0704_2016) * BASIS: Polarstern (URI: http://www.awi.de/en/expedition/ships/polarstern.html) * METHOD/DEVICE: CTD/Rosette with Underwater Vision Profiler (CTD-RO_UVP)																																																						
	PS99/042-1 (HG_IV) * LATITUDE: 79.066000 * LONGITUDE: 4.184330 * DATE/TIME: 2016-06-26T04:57:00 * ELEVATION: -2457.9 m * LOCATION: North Greenland Sea * CAMPAIGN: PS99.2 (ARK-XXX/1.2) (URI: https://doi.org/10.2312/BzPM_0704_2016) * BASIS: Polarstern (URI: http://www.awi.de/en/expedition/ships/polarstern.html) * METHOD/DEVICE: CTD/Rosette with Underwater Vision Profiler (CTD-RO_UVP)																																																						
	PS99/044-1 (HG_V) * LATITUDE: 79.067170 * LONGITUDE: 3.665330 * DATE/TIME: 2016-06-28T05:16:00 * ELEVATION: -3081.9 m * LOCATION: North Greenland Sea * CAMPAIGN: PS99.2 (ARK-XXX/1.2) (URI: https://doi.org/10.2312/BzPM_0704_2016) * BASIS: Polarstern (URI: http://www.awi.de/en/expedition/ships/polarstern.html) * METHOD/DEVICE: CTD/Rosette (CTD-RO)																																																						
	PS99/045-1 (HG_VI) * LATITUDE: 79.060000 * LONGITUDE: 3.570170 * DATE/TIME: 2016-06-28T12:36:00 * ELEVATION: -3508.4 m * LOCATION: North Greenland Sea * CAMPAIGN: PS99.2 (ARK-XXX/1.2) (URI: https://doi.org/10.2312/BzPM_0704_2016) * BASIS: Polarstern (URI: http://www.awi.de/en/expedition/ships/polarstern.html) * METHOD/DEVICE: CTD/Rosette with Underwater Vision Profiler (CTD-RO_UVP)																																																						
	PS99/046-1 (HG_VII) * LATITUDE: 79.056830 * LONGITUDE: 3.526000 * DATE/TIME: 2016-06-28T21:09:00 * ELEVATION: -3812.9 m * LOCATION: North Greenland Sea * CAMPAIGN: PS99.2 (ARK-XXX/1.2) (URI: https://doi.org/10.2312/BzPM_0704_2016) * BASIS: Polarstern (URI: http://www.awi.de/en/expedition/ships/polarstern.html) * METHOD/DEVICE: CTD/Rosette with Underwater Vision Profiler (CTD-RO_UVP)																																																						
	PS99/047-1 (HG_VIII) * LATITUDE: 79.072170 * LONGITUDE: 3.344830 * DATE/TIME: 2016-06-29T06:35:00 * ELEVATION: -5196.4 m * LOCATION: North Greenland Sea * CAMPAIGN: PS99.2 (ARK-XXX/1.2) (URI: https://doi.org/10.2312/BzPM_0704_2016) * BASIS: Polarstern (URI: http://www.awi.de/en/expedition/ships/polarstern.html) * METHOD/DEVICE: CTD/Rosette with Underwater Vision Profiler (CTD-RO_UVP)																																																						
	PS99/048-1 (EG_IV) * LATITUDE: 78.828330 * LONGITUDE: -2.768000 * DATE/TIME: 2016-06-30T00:47:00 * ELEVATION: -2594.3 m * LOCATION: North Greenland Sea * CAMPAIGN: PS99.2 (ARK-XXX/1.2) (URI: https://doi.org/10.2312/BzPM_0704_2016) * BASIS: Polarstern (URI: http://www.awi.de/en/expedition/ships/polarstern.html) * METHOD/DEVICE: CTD/Rosette with Underwater Vision Profiler (CTD-RO_UVP)																																																						
	PS99/049-1 (EG_III) * LATITUDE: 78.862170 * LONGITUDE: -3.973330 * DATE/TIME: 2016-07-01T12:38:00 * ELEVATION: -1977.6 m * LOCATION: North Greenland Sea * CAMPAIGN: PS99.2 (ARK-XXX/1.2) (URI: https://doi.org/10.2312/BzPM_0704_2016) * BASIS: Polarstern (URI: http://www.awi.de/en/expedition/ships/polarstern.html) * METHOD/DEVICE: CTD/Rosette with Underwater Vision Profiler (CTD-RO_UVP)																																																						
	PS99/050-1 (EG_II) * LATITUDE: 78.936670 * LONGITUDE: -4.650330 * DATE/TIME: 2016-07-01T19:40:00 * ELEVATION: -1549.1 m * LOCATION: North Greenland Sea * CAMPAIGN: PS99.2 (ARK-XXX/1.2) (URI: https://doi.org/10.2312/BzPM_0704_2016) * BASIS: Polarstern (URI: http://www.awi.de/en/expedition/ships/polarstern.html) * METHOD/DEVICE: CTD/Rosette with Underwater Vision Profiler (CTD-RO_UVP)																																																						
	PS99/051-2 (EG_I) * LATITUDE: 78.990830 * LONGITUDE: -5.409330 * DATE/TIME: 2016-07-02T02:29:00 * ELEVATION: -1009.7 m * LOCATION: North Greenland Sea * CAMPAIGN: PS99.2 (ARK-XXX/1.2) (URI: https://doi.org/10.2312/BzPM_0704_2016) * BASIS: Polarstern (URI: http://www.awi.de/en/expedition/ships/polarstern.html) * METHOD/DEVICE: CTD/Rosette with Underwater Vision Profiler (CTD-RO_UVP)																																																						
	PS99/053-2 (N5) * LATITUDE: 79.921170 * LONGITUDE: 3.062000 * DATE/TIME: 2016-07-03T18:21:00 * ELEVATION: -2604.2 m * LOCATION: North Greenland Sea * CAMPAIGN: PS99.2 (ARK-XXX/1.2) (URI: https://doi.org/10.2312/BzPM_0704_2016) * BASIS: Polarstern (URI: http://www.awi.de/en/expedition/ships/polarstern.html) * METHOD/DEVICE: CTD/Rosette (CTD-RO)																																																						
	PS99/054-1 (N3) * LATITUDE: 79.586670 * LONGITUDE: 5.170000 * DATE/TIME: 2016-07-04T19:27:00 * ELEVATION: -2777.8 m * LOCATION: North Greenland Sea * CAMPAIGN: PS99.2 (ARK-XXX/1.2) (URI: https://doi.org/10.2312/BzPM_0704_2016) * BASIS: Polarstern (URI: http://www.awi.de/en/expedition/ships/polarstern.html) * METHOD/DEVICE: CTD/Rosette with Underwater Vision Profiler (CTD-RO_UVP)																																																						
	PS99/055-1 (N4) * LATITUDE: 79.741500 * LONGITUDE: 4.503500 * DATE/TIME: 2016-07-05T00:20:00 * ELEVATION: -2610.9 m * LOCATION: North Greenland Sea * CAMPAIGN: PS99.2 (ARK-XXX/1.2) (URI: https://doi.org/10.2312/BzPM_0704_2016) * BASIS: Polarstern (URI: http://www.awi.de/en/expedition/ships/polarstern.html) * METHOD/DEVICE: CTD/Rosette (CTD-RO)																																																						
	PS99/057-1 (HG_II) * LATITUDE: 79.130000 * LONGITUDE: 4.906670 * DATE/TIME: 2016-07-06T04:17:00 * ELEVATION: -1544.1 m * LOCATION: North Greenland Sea * CAMPAIGN: PS99.2 (ARK-XXX/1.2) (URI: https://doi.org/10.2312/BzPM_0704_2016) * BASIS: Polarstern (URI: http://www.awi.de/en/expedition/ships/polarstern.html) * METHOD/DEVICE: CTD/Rosette with Underwater Vision Profiler (CTD-RO_UVP)																																																						
	PS99/059-2 (HG_IX) * LATITUDE: 79.134830 * LONGITUDE: 2.845830 * DATE/TIME: 2016-07-06T21:48:00 * ELEVATION: -5568.8 m * LOCATION: North Greenland Sea * CAMPAIGN: PS99.2 (ARK-XXX/1.2) (URI: https://doi.org/10.2312/BzPM_0704_2016) * BASIS: Polarstern (URI: http://www.awi.de/en/expedition/ships/polarstern.html) * METHOD/DEVICE: CTD/Rosette with Underwater Vision Profiler (CTD-RO_UVP)																																																						
	PS99/062-4 (SV_IV) * LATITUDE: 79.034830 * LONGITUDE: 6.974000 * DATE/TIME: 2016-07-08T20:58:00 * ELEVATION: -1305.8 m * LOCATION: North Greenland Sea * CAMPAIGN: PS99.2 (ARK-XXX/1.2) (URI: https://doi.org/10.2312/BzPM_0704_2016) * BASIS: Polarstern (URI: http://www.awi.de/en/expedition/ships/polarstern.html) * METHOD/DEVICE: CTD/Rosette with Underwater Vision Profiler (CTD-RO_UVP)																																																						
	PS99/063-2 (SV_III) * LATITUDE: 79.002670 * LONGITUDE: 8.362830 * DATE/TIME: 2016-07-09T01:47:00 * ELEVATION: -762.9 m * LOCATION: North Greenland Sea * CAMPAIGN: PS99.2 (ARK-XXX/1.2) (URI: https://doi.org/10.2312/BzPM_0704_2016) * BASIS: Polarstern (URI: http://www.awi.de/en/expedition/ships/polarstern.html) * METHOD/DEVICE: CTD/Rosette with Underwater Vision Profiler (CTD-RO_UVP)																																																						
	PS99/064-2 (SV_II) * LATITUDE: 78.981000 * LONGITUDE: 9.512500 * DATE/TIME: 2016-07-09T05:59:00 * ELEVATION: -230.0 m * LOCATION: North Greenland Sea * CAMPAIGN: PS99.2 (ARK-XXX/1.2) (URI: https://doi.org/10.2312/BzPM_0704_2016) * BASIS: Polarstern (URI: http://www.awi.de/en/expedition/ships/polarstern.html) * METHOD/DEVICE: CTD/Rosette with Underwater Vision Profiler (CTD-RO_UVP)																																																						
	PS99/065-2 (SV_I) * LATITUDE: 79.026330 * LONGITUDE: 11.092500 * DATE/TIME: 2016-07-09T11:24:00 * ELEVATION: -269.0 m * LOCATION: North Greenland Sea * CAMPAIGN: PS99.2 (ARK-XXX/1.2) (URI: https://doi.org/10.2312/BzPM_0704_2016) * BASIS: Polarstern (URI: http://www.awi.de/en/expedition/ships/polarstern.html) * METHOD/DEVICE: CTD/Rosette with Underwater Vision Profiler (CTD-RO_UVP)																																																						
	PS99/069-2 (HG_III) * LATITUDE: 79.107670 * LONGITUDE: 4.596670 * DATE/TIME: 2016-07-10T20:45:00 * ELEVATION: -1890.3 m * LOCATION: North Greenland Sea * CAMPAIGN: PS99.2 (ARK-XXX/1.2) (URI: https://doi.org/10.2312/BzPM_0704_2016) * BASIS: Polarstern (URI: http://www.awi.de/en/expedition/ships/polarstern.html) * METHOD/DEVICE: CTD/Rosette with Underwater Vision Profiler (CTD-RO_UVP)																																																						
Comment:	In the data, flags are as follows:																																																						
	Err:510																																																						
	Err:510																																																						
	Err:510																																																						
	Err:510																																																						
Parameter(s):	Event label (Event) * PI: Torres-Valdés, Sinhue (https://orcid.org/0000-0003-2749-4170, sinhue.torres-valdes@awi.de, https://noc.ac.uk/people/sinhue)																																																						
	Optional event label (Event 2) * PI: Torres-Valdés, Sinhue (https://orcid.org/0000-0003-2749-4170, sinhue.torres-valdes@awi.de, https://noc.ac.uk/people/sinhue)																																																						
	Date/Time of event (Date/Time) * PI: Torres-Valdés, Sinhue (https://orcid.org/0000-0003-2749-4170, sinhue.torres-valdes@awi.de, https://noc.ac.uk/people/sinhue)																																																						
	LONGITUDE (Longitude) * GEOCODE * PI: Torres-Valdés, Sinhue (https://orcid.org/0000-0003-2749-4170, sinhue.torres-valdes@awi.de, https://noc.ac.uk/people/sinhue)																																																						
	LATITUDE (Latitude) * GEOCODE * PI: Torres-Valdés, Sinhue (https://orcid.org/0000-0003-2749-4170, sinhue.torres-valdes@awi.de, https://noc.ac.uk/people/sinhue)																																																						
	DEPTH, water [m] (Depth water) * GEOCODE * PI: Torres-Valdés, Sinhue (https://orcid.org/0000-0003-2749-4170, sinhue.torres-valdes@awi.de, https://noc.ac.uk/people/sinhue)																																																						
	Nitrate and Nitrite [µmol/l] ([NO3]- + [NO2]-) * PI: Torres-Valdés, Sinhue (https://orcid.org/0000-0003-2749-4170, sinhue.torres-valdes@awi.de, https://noc.ac.uk/people/sinhue) * COMMENT: NO3+NO2																																																						
	Quality flag [#] (Flag) * PI: Torres-Valdés, Sinhue (https://orcid.org/0000-0003-2749-4170, sinhue.torres-valdes@awi.de, https://noc.ac.uk/people/sinhue) * COMMENT: NO3+NO2																																																						
	Nitrate and Nitrite, standard deviation [±] ([NO3]- + [NO2]- std dev) * PI: Torres-Valdés, Sinhue (https://orcid.org/0000-0003-2749-4170, sinhue.torres-valdes@awi.de, https://noc.ac.uk/people/sinhue) * COMMENT: NO3+NO2 std dev																																																						
	Quality flag [#] (Flag) * PI: Torres-Valdés, Sinhue (https://orcid.org/0000-0003-2749-4170, sinhue.torres-valdes@awi.de, https://noc.ac.uk/people/sinhue) * COMMENT: NO3+NO2 std dev																																																						
	Nitrate and Nitrite, correction factor ([NO3]- + [NO2]- CF) * PI: Torres-Valdés, Sinhue (https://orcid.org/0000-0003-2749-4170, sinhue.torres-valdes@awi.de, https://noc.ac.uk/people/sinhue) * COMMENT: NO3+NO2_CF																																																						
	Quality flag [#] (Flag) * PI: Torres-Valdés, Sinhue (https://orcid.org/0000-0003-2749-4170, sinhue.torres-valdes@awi.de, https://noc.ac.uk/people/sinhue) * COMMENT: N3N2_CF																																																						
	Nitrate and Nitrite [µmol/l] ([NO3]- + [NO2]-) * PI: Torres-Valdés, Sinhue (https://orcid.org/0000-0003-2749-4170, sinhue.torres-valdes@awi.de, https://noc.ac.uk/people/sinhue) * COMMENT: NO3+NO2_C																																																						
	Quality flag [#] (Flag) * PI: Torres-Valdés, Sinhue (https://orcid.org/0000-0003-2749-4170, sinhue.torres-valdes@awi.de, https://noc.ac.uk/people/sinhue) * COMMENT: NO3+NO2_C																																																						
	Nitrate and Nitrite, standard deviation [±] ([NO3]- + [NO2]- std dev) * PI: Torres-Valdés, Sinhue (https://orcid.org/0000-0003-2749-4170, sinhue.torres-valdes@awi.de, https://noc.ac.uk/people/sinhue) * COMMENT: NO3+NO2_C std dev																																																						
	Quality flag [#] (Flag) * PI: Torres-Valdés, Sinhue (https://orcid.org/0000-0003-2749-4170, sinhue.torres-valdes@awi.de, https://noc.ac.uk/people/sinhue) * COMMENT: NO3+NO2_C std dev																																																						
	Phosphate [µmol/l] ([PO4]3-) * PI: Torres-Valdés, Sinhue (https://orcid.org/0000-0003-2749-4170, sinhue.torres-valdes@awi.de, https://noc.ac.uk/people/sinhue) * COMMENT: PO4																																																						
	Quality flag [#] (Flag) * PI: Torres-Valdés, Sinhue (https://orcid.org/0000-0003-2749-4170, sinhue.torres-valdes@awi.de, https://noc.ac.uk/people/sinhue) * COMMENT: PO4																																																						
	Phosphate, standard deviation [±] (PO4 std dev) * PI: Torres-Valdés, Sinhue (https://orcid.org/0000-0003-2749-4170, sinhue.torres-valdes@awi.de, https://noc.ac.uk/people/sinhue) * COMMENT: PO4 std dev																																																						
	Quality flag [#] (Flag) * PI: Torres-Valdés, Sinhue (https://orcid.org/0000-0003-2749-4170, sinhue.torres-valdes@awi.de, https://noc.ac.uk/people/sinhue) * COMMENT: PO4 std dev																																																						
	Phosphate, correction factor ([PO4]3- CF) * PI: Torres-Valdés, Sinhue (https://orcid.org/0000-0003-2749-4170, sinhue.torres-valdes@awi.de, https://noc.ac.uk/people/sinhue) * COMMENT: PO4_CF																																																						
	Quality flag [#] (Flag) * PI: Torres-Valdés, Sinhue (https://orcid.org/0000-0003-2749-4170, sinhue.torres-valdes@awi.de, https://noc.ac.uk/people/sinhue) * COMMENT: PO4_CF																																																						
	Phosphate [µmol/l] ([PO4]3-) * PI: Torres-Valdés, Sinhue (https://orcid.org/0000-0003-2749-4170, sinhue.torres-valdes@awi.de, https://noc.ac.uk/people/sinhue) * COMMENT: PO4_C																																																						
	Quality flag [#] (Flag) * PI: Torres-Valdés, Sinhue (https://orcid.org/0000-0003-2749-4170, sinhue.torres-valdes@awi.de, https://noc.ac.uk/people/sinhue) * COMMENT: PO4_C																																																						
	Phosphate, standard deviation [±] (PO4 std dev) * PI: Torres-Valdés, Sinhue (https://orcid.org/0000-0003-2749-4170, sinhue.torres-valdes@awi.de, https://noc.ac.uk/people/sinhue) * COMMENT: PO4_C std dev																																																						
	Quality flag [#] (Flag) * PI: Torres-Valdés, Sinhue (https://orcid.org/0000-0003-2749-4170, sinhue.torres-valdes@awi.de, https://noc.ac.uk/people/sinhue) * COMMENT: PO4_C std dev																																																						
	Nitrite [µmol/l] ([NO2]-) * PI: Torres-Valdés, Sinhue (https://orcid.org/0000-0003-2749-4170, sinhue.torres-valdes@awi.de, https://noc.ac.uk/people/sinhue) * COMMENT: NO2																																																						
	Quality flag [#] (Flag) * PI: Torres-Valdés, Sinhue (https://orcid.org/0000-0003-2749-4170, sinhue.torres-valdes@awi.de, https://noc.ac.uk/people/sinhue) * COMMENT: NO2																																																						
	Nitrite, standard deviation [±] ([NO2]- std dev) * PI: Torres-Valdés, Sinhue (https://orcid.org/0000-0003-2749-4170, sinhue.torres-valdes@awi.de, https://noc.ac.uk/people/sinhue) * COMMENT: NO2 std dev																																																						
	Quality flag [#] (Flag) * PI: Torres-Valdés, Sinhue (https://orcid.org/0000-0003-2749-4170, sinhue.torres-valdes@awi.de, https://noc.ac.uk/people/sinhue) * COMMENT: NO2 std dev																																																						
	Nitrite, correction factor ([NO2]- CF) * PI: Torres-Valdés, Sinhue (https://orcid.org/0000-0003-2749-4170, sinhue.torres-valdes@awi.de, https://noc.ac.uk/people/sinhue) * COMMENT: NO2_CF																																																						
	Quality flag [#] (Flag) * PI: Torres-Valdés, Sinhue (https://orcid.org/0000-0003-2749-4170, sinhue.torres-valdes@awi.de, https://noc.ac.uk/people/sinhue) * COMMENT: NO2_CF																																																						
	Nitrite [µmol/l] ([NO2]-) * PI: Torres-Valdés, Sinhue (https://orcid.org/0000-0003-2749-4170, sinhue.torres-valdes@awi.de, https://noc.ac.uk/people/sinhue) * COMMENT: NO2_C																																																						
	Quality flag [#] (Flag) * PI: Torres-Valdés, Sinhue (https://orcid.org/0000-0003-2749-4170, sinhue.torres-valdes@awi.de, https://noc.ac.uk/people/sinhue) * COMMENT: NO2_C																																																						
	Nitrite, standard deviation [±] ([NO2]- std dev) * PI: Torres-Valdés, Sinhue (https://orcid.org/0000-0003-2749-4170, sinhue.torres-valdes@awi.de, https://noc.ac.uk/people/sinhue) * COMMENT: NO2_C std dev																																																						
	Quality flag [#] (Flag) * PI: Torres-Valdés, Sinhue (https://orcid.org/0000-0003-2749-4170, sinhue.torres-valdes@awi.de, https://noc.ac.uk/people/sinhue) * COMMENT: NO2_C std dev																																																						
	Silicate [µmol/l] (Si(OH)4) * PI: Torres-Valdés, Sinhue (https://orcid.org/0000-0003-2749-4170, sinhue.torres-valdes@awi.de, https://noc.ac.uk/people/sinhue) * COMMENT: Si(OH)4																																																						
	Quality flag [#] (Flag) * PI: Torres-Valdés, Sinhue (https://orcid.org/0000-0003-2749-4170, sinhue.torres-valdes@awi.de, https://noc.ac.uk/people/sinhue) * COMMENT: Si(OH)4																																																						
	Silicate, standard deviation [±] (Si(OH)4 std dev) * PI: Torres-Valdés, Sinhue (https://orcid.org/0000-0003-2749-4170, sinhue.torres-valdes@awi.de, https://noc.ac.uk/people/sinhue) * COMMENT: Si(OH)4 std dev																																																						
	Quality flag [#] (Flag) * PI: Torres-Valdés, Sinhue (https://orcid.org/0000-0003-2749-4170, sinhue.torres-valdes@awi.de, https://noc.ac.uk/people/sinhue) * COMMENT: Si(OH)4 std dev																																																						
	Silicate, correction factor (Si(OH)4 CF) * PI: Torres-Valdés, Sinhue (https://orcid.org/0000-0003-2749-4170, sinhue.torres-valdes@awi.de, https://noc.ac.uk/people/sinhue) * COMMENT: Si(OH)4_CF																																																						
	Quality flag [#] (Flag) * PI: Torres-Valdés, Sinhue (https://orcid.org/0000-0003-2749-4170, sinhue.torres-valdes@awi.de, https://noc.ac.uk/people/sinhue) * COMMENT: Si(OH)4_CF																																																						
	Silicate [µmol/l] (Si(OH)4) * PI: Torres-Valdés, Sinhue (https://orcid.org/0000-0003-2749-4170, sinhue.torres-valdes@awi.de, https://noc.ac.uk/people/sinhue) * COMMENT: Si(OH)4_C																																																						
	Quality flag [#] (Flag) * PI: Torres-Valdés, Sinhue (https://orcid.org/0000-0003-2749-4170, sinhue.torres-valdes@awi.de, https://noc.ac.uk/people/sinhue) * COMMENT: Si(OH)4_C																																																						
	Silicate, standard deviation [±] (Si(OH)4 std dev) * PI: Torres-Valdés, Sinhue (https://orcid.org/0000-0003-2749-4170, sinhue.torres-valdes@awi.de, https://noc.ac.uk/people/sinhue) * COMMENT: Si(OH)4_C std dev																																																						
	Quality flag [#] (Flag) * PI: Torres-Valdés, Sinhue (https://orcid.org/0000-0003-2749-4170, sinhue.torres-valdes@awi.de, https://noc.ac.uk/people/sinhue) * COMMENT: Si(OH)4_C std dev																																																						
	Ammonium [µmol/l] ([NH4]+) * PI: Torres-Valdés, Sinhue (https://orcid.org/0000-0003-2749-4170, sinhue.torres-valdes@awi.de, https://noc.ac.uk/people/sinhue) * COMMENT: NH4																																																						
	Quality flag [#] (Flag) * PI: Torres-Valdés, Sinhue (https://orcid.org/0000-0003-2749-4170, sinhue.torres-valdes@awi.de, https://noc.ac.uk/people/sinhue) * COMMENT: NH4																																																						
	Ammonium, standard deviation [±] ([NH4]+ std dev) * PI: Torres-Valdés, Sinhue (https://orcid.org/0000-0003-2749-4170, sinhue.torres-valdes@awi.de, https://noc.ac.uk/people/sinhue) * COMMENT: NH4 std dev																																																						
	Quality flag [#] (Flag) * PI: Torres-Valdés, Sinhue (https://orcid.org/0000-0003-2749-4170, sinhue.torres-valdes@awi.de, https://noc.ac.uk/people/sinhue) * COMMENT: NH4 std dev																																																						
	Ammonium, correction factor ([NH4]+ CF) * PI: Torres-Valdés, Sinhue (https://orcid.org/0000-0003-2749-4170, sinhue.torres-valdes@awi.de, https://noc.ac.uk/people/sinhue) * COMMENT: NH4_CF																																																						
	Quality flag [#] (Flag) * PI: Torres-Valdés, Sinhue (https://orcid.org/0000-0003-2749-4170, sinhue.torres-valdes@awi.de, https://noc.ac.uk/people/sinhue) * COMMENT: NH4_CF																																																						
	Ammonium [µmol/l] ([NH4]+) * PI: Torres-Valdés, Sinhue (https://orcid.org/0000-0003-2749-4170, sinhue.torres-valdes@awi.de, https://noc.ac.uk/people/sinhue) * COMMENT: NH4_C																																																						
	Quality flag [#] (Flag) * PI: Torres-Valdés, Sinhue (https://orcid.org/0000-0003-2749-4170, sinhue.torres-valdes@awi.de, https://noc.ac.uk/people/sinhue) * COMMENT: NH4_C																																																						
	Ammonium, standard deviation [±] ([NH4]+ std dev) * PI: Torres-Valdés, Sinhue (https://orcid.org/0000-0003-2749-4170, sinhue.torres-valdes@awi.de, https://noc.ac.uk/people/sinhue) * COMMENT: NH4_C std dev																																																						
	Quality flag [#] (Flag) * PI: Torres-Valdés, Sinhue (https://orcid.org/0000-0003-2749-4170, sinhue.torres-valdes@awi.de, https://noc.ac.uk/people/sinhue) * COMMENT: NH4_C std dev																																																						
License:	Creative Commons Attribution 4.0 International (CC-BY-4.0)																																																						
Size:	8252 data points																																																						
*/																																																							
Event	Event 2	Date/Time	Longitude	Latitude	Depth water [m]	[NO3]- + [NO2]- [µmol/l] (NO3+NO2)	Flag [#] (NO3+NO2)	[NO3]- + [NO2]- std dev [±] (NO3+NO2 std dev)	Flag [#] (NO3+NO2 std dev)	[NO3]- + [NO2]- CF (NO3+NO2_CF)	Flag [#] (N3N2_CF)	[NO3]- + [NO2]- [µmol/l] (NO3+NO2_C)	Flag [#] (NO3+NO2_C)	[NO3]- + [NO2]- std dev [±] (NO3+NO2_C std dev)	Flag [#] (NO3+NO2_C std dev)	[PO4]3- [µmol/l] (PO4)	Flag [#] (PO4)	PO4 std dev [±] (PO4 std dev)	Flag [#] (PO4 std dev)	[PO4]3- CF (PO4_CF)	Flag [#] (PO4_CF)	[PO4]3- [µmol/l] (PO4_C)	Flag [#] (PO4_C)	PO4 std dev [±] (PO4_C std dev)	Flag [#] (PO4_C std dev)	[NO2]- [µmol/l] (NO2)	Flag [#] (NO2)	[NO2]- std dev [±] (NO2 std dev)	Flag [#] (NO2 std dev)	[NO2]- CF (NO2_CF)	Flag [#] (NO2_CF)	[NO2]- [µmol/l] (NO2_C)	Flag [#] (NO2_C)	[NO2]- std dev [±] (NO2_C std dev)	Flag [#] (NO2_C std dev)	Si(OH)4 [µmol/l] (Si(OH)4)	Flag [#] (Si(OH)4)	Si(OH)4 std dev [±] (Si(OH)4 std dev)	Flag [#] (Si(OH)4 std dev)	Si(OH)4 CF (Si(OH)4_CF)	Flag [#] (Si(OH)4_CF)	Si(OH)4 [µmol/l] (Si(OH)4_C)	Flag [#] (Si(OH)4_C)	Si(OH)4 std dev [±] (Si(OH)4_C std dev)	Flag [#] (Si(OH)4_C std dev)	[NH4]+ [µmol/l] (NH4)	Flag [#] (NH4)	[NH4]+ std dev [±] (NH4 std dev)	Flag [#] (NH4 std dev)	[NH4]+ CF (NH4_CF)	Flag [#] (NH4_CF)	[NH4]+ [µmol/l] (NH4_C)	Flag [#] (NH4_C)	[NH4]+ std dev [±] (NH4_C std dev)	Flag [#] (NH4_C std dev)
PS99/041-6	S_3	2016-06-25T12:34:00	5.05591	78.60916	10	5.29	0	0.02	0	0.97	4	5.16	4	0.02	4	0.44	4	0.02	4	0.95	0	0.41	0	0.02	0	0.06	0	0	0	1	1	0.06	0	0	0	3.03	0	0.05	0	1.03	8	3.12	8	0.05	8	0.25	1	0	1		1	0.25	1	0	1
PS99/041-6	S_3	2016-06-25T12:34:00	5.05591	78.60916	28	5.52	0	0.02	0	0.97	4	5.38	4	0.02	4	0.49	4	0.01	4	0.95	0	0.47	0	0.01	0	0.06	0	0	0	1	1	0.06	0	0	0	3.12	0	0.03	0	1.03	8	3.21	8	0.03	8	0.3	1	0.01	1		1	0.3	1	0.01	1
PS99/041-6	S_3	2016-06-25T12:34:00	5.05591	78.60916	60	8.17	0	0.04	0	0.97	4	7.96	4	0.04	4	0.67	4	0.01	4	0.95	0	0.64	0	0.01	0	0.09	0	0	0	1	1	0.09	0	0	0	3.71	0	0.01	0	1.03	8	3.81	8	0.01	8	0.82	1	0.03	1		1	0.82	1	0.03	1
PS99/041-6	S_3	2016-06-25T12:34:00	5.05591	78.60916	75	8.51	0	0.08	0	0.97	4	8.3	4	0.08	4	0.66	4	0.04	4	0.95	0	0.63	0	0.04	0	0.1	0	0.01	0	1	1	0.1	0	0.01	0	3.74	0	0.02	0	1.03	8	3.85	8	0.02	8	0.77	1	0	1		1	0.77	1	0	1
PS99/041-6	S_3	2016-06-25T12:34:00	5.05591	78.60916	100	10.4	0	0.16	0	0.97	4	10.13	4	0.16	4	0.76	4	0.01	4	0.95	0	0.73	0	0.01	0	0.15	0	0	0	1	1	0.15	0	0	0	3.81	0	0.04	0	1.03	8	3.92	8	0.04	8	0.08	1	0.06	1		1	0.08	1	0.06	1
PS99/041-6	S_3	2016-06-25T12:34:00	5.05591	78.60916	250	12.21	0	0.12	0	0.97	4	11.9	4	0.12	4	0.84	4	0.02	4	0.95	0	0.8	0	0.02	0	0.02	0	0	0	1	1	0.02	0	0	0	4.53	0	0.04	0	1.03	8	4.66	8	0.04	8	-0.46	1	0	1		1	-0.46	1	0	1
PS99/041-6	S_3	2016-06-25T12:34:00	5.05591	78.60916	500	12.7	0	0.02	0	0.97	4	12.38	4	0.02	4	0.88	4	0.01	4	0.95	0	0.83	0	0.01	0	-0.01	0	0	0	1	1	-0.01	0	0	0	5.25	0	0.02	0	1.03	8	5.4	8	0.02	8	-0.48	1	0.01	1		1	-0.48	1	0.01	1
PS99/041-6	S_3	2016-06-25T12:34:00	5.05591	78.60916	1000	13.87	0	0.03	0	0.97	4	13.51	4	0.03	4	0.91	4	0.06	4	0.95	0	0.86	0	0.05	0	-0.01	0	0	0	1	1	-0.01	0	0	0	7.28	0	0.03	0	1.03	8	7.49	8	0.03	8	-0.48	1	0.01	1		1	-0.48	1	0.01	1
PS99/041-6	S_3	2016-06-25T12:34:00	5.05591	78.60916	1500	14.67	0	0.1	0	0.97	4	14.3	4	0.09	4	1.02	4	0.01	4	0.95	0	0.97	0	0.01	0	-0.01	0	0	0	1	1	-0.01	0	0	0	10.13	0	0.06	0	1.03	8	10.42	8	0.06	8	-0.24	1	0.34	1		1	-0.24	1	0.34	1
PS99/041-6	S_3	2016-06-25T12:34:00	5.05591	78.60916	2000	15.13	0	0.13	0	0.97	4	14.74	4	0.13	4	1.05	4	0.01	4	0.95	0	1	0	0.01	0	-0.01	0	0	0	1	1	-0.01	0	0	0	11.74	0	0.22	0	1.03	8	12.08	8	0.22	8	-0.48	1	0.01	1		1	-0.48	1	0.01	1
PS99/041-6	S_3	2016-06-25T12:34:00	5.05591	78.60916	2500	15.23	0	0.25	0	0.97	4	14.84	4	0.24	4	1.04	4	0.01	4	0.95	0	0.99	0	0.01	0	-0.01	0	0	0	1	1	-0.01	0	0	0	11.77	0	0.01	0	1.03	8	12.11	8	0.01	8	-0.24	1	0.34	1		1	-0.24	1	0.34	1
PS99/042-1	HG_IV	2016-06-26T04:57:00	4.17803	79.06557	10	0.88	0	0.03	0	1	1	0.88	0	0.03	0	0.18	0	0	0	1.13	4	0.21	4	0.01	4	0.05	0	0	1	0.59	1	0.03	0	0	0	1.1	4	0.01	4	0.98	0	1.07	0	0.01	1	-0.08	1	0	1	0.78	1	-0.08	1	0	1
PS99/042-1	HG_IV	2016-06-26T04:57:00	4.17803	79.06557	28	5.93	0	0.07	0	1	1	5.93	0	0.07	0	0.58	0	0.02	0	1.13	4	0.66	4	0.02	4	0.23	0	0.02	1	0.59	1	0.14	0	0.01	0	2.72	4	0.02	4	0.98	0	2.66	0	0.02	1	0.72	1	0.01	1	0.78	1	0.56	1	0.01	1
PS99/042-1	HG_IV	2016-06-26T04:57:00	4.17803	79.06557	60	8.96	0	0.02	0	1	1	8.96	0	0.02	0	0.74	0	0.02	0	1.13	4	0.83	4	0.02	4	0.51	0	0.02	1	0.59	1	0.3	0	0.01	0	3.74	4	0.01	4	0.98	0	3.66	0	0.01	1	1.16	1	0	1	0.78	1	0.9	1	0	1
PS99/042-1	HG_IV	2016-06-26T04:57:00	4.17803	79.06557	75	10.06	0	0.12	0	1	1	10.06	0	0.12	0	0.74	0	0.01	0	1.13	4	0.84	4	0.01	4	0.64	0	0.03	1	0.59	1	0.38	0	0.02	0	4.19	4	0.01	4	0.98	0	4.1	0	0.01	1	0.56	1	0.06	1	0.78	1	0.44	1	0.05	1
PS99/042-1	HG_IV	2016-06-26T04:57:00	4.17803	79.06557	100	11.25	0	0.1	0	1	1	11.25	0	0.1	0	0.77	0	0.06	0	1.13	4	0.87	4	0.06	4	0.62	0	0.05	1	0.59	1	0.37	0	0.03	0	4.25	4	0.13	4	0.98	0	4.16	0	0.12	1	-0.04	1	0.01	1	0.78	1	-0.04	1	0.01	1
PS99/042-1	HG_IV	2016-06-26T04:57:00	4.17803	79.06557	250	11.49	0	0	0	1	1	11.49	0	0	0	0.69	4	0.02	4	1	0	0.74	0	0.04	0	0.05	0	0.01	1	0.59	1	0.03	0	0	0	4.62	4	0.04	4	0.98	0	4.52	0	0.04	1	0	1	0.01	1	0.78	1	0	1	0.01	1
PS99/042-1	HG_IV	2016-06-26T04:57:00	4.17803	79.06557	250	11.59	0	0.01	0	1	1	11.59	0	0.01	0	0.74	0	0.04	0	1.13	4	0.78	4	0.03	4	-0.01	0	0	1	1	1	-0.01	0	0	0	4.64	4	0.01	4	0.98	0	4.53	0	0.01	1	-0.81	1	0	1	0.77	1	-0.81	1	0	1
PS99/042-1	HG_IV	2016-06-26T04:57:00	4.17803	79.06557	500	12.4	0	0.06	0	1	1	12.4	0	0.06	0	0.84	4	0	4	1	0	0.84	0	0	0	-0.01	0	0	1	1	1	-0.01	0	0	0	5.88	4	0.02	4	0.98	0	5.75	0	0.02	1	-0.81	1	0.01	1	0.77	1	-0.81	1	0.01	1
PS99/042-1	HG_IV	2016-06-26T04:57:00	4.17803	79.06557	1000	13.7	0	0.08	0	1	1	13.7	0	0.08	0	0.96	4	0.01	4	1	0	0.96	0	0.01	0	-0.01	0	0	0	1	1	-0.01	0	0	0	7.88	4	0.02	4	0.98	0	7.7	0	0.02	1	-0.83	1	0.01	1	0.77	1	-0.83	1	0.01	1
PS99/042-1	HG_IV	2016-06-26T04:57:00	4.17803	79.06557	2000	15	0	0.1	0	1	1	15	0	0.1	0	1.04	4	0	4	1	0	1.04	0	0	0	-0.02	0	0	1	1	1	-0.02	0	0	0	12.11	4	0.57	4	0.98	0	11.83	0	0.56	1	-0.83	1	0	1	0.77	1	-0.83	1	0	1
PS99/042-1	HG_IV	2016-06-26T04:57:00	4.17803	79.06557	2500	14.79	0	0.25	0	1	1	14.65	0	0.09	0	1.02	4	0.02	4	1	0	1.01	0	0	0	-0.02	0	0	1	1	1	-0.02	0	0	0	11.86	4	0.44	4	0.98	0	11.59	0	0.03	1	-0.84	1	0	1	0.77	1	-0.84	1	0	1
PS99/042-1	HG_IV	2016-06-26T04:57:00	4.1728	79.0652	10	0.03	1	0.01	1	1	1	0.03	1	0.01	1	0.18	1	0	1	1.13	1	0.21	1	0.01	1	0.02	1	0	1		1	0.02	1	0	1	1.1	1	0	1		1	1.1	1	0	1	-0.06	1	0.01	1		1	-0.06	1	0.01	1
PS99/042-1	HG_IV	2016-06-26T04:57:00	4.1728	79.0652	28	5.55	1	0.02	1	1	1	5.55	1	0.02	1	0.58	1	0.02	1	1.13	1	0.66	1	0.02	1	0.08	1	0	1		1	0.08	1	0	1	2.63	1	0.02	1		1	2.63	1	0.02	1	0.7	1	0	1		1	0.7	1	0	1
PS99/042-1	HG_IV	2016-06-26T04:57:00	4.1728	79.0652	60	8.67	1	0.07	1	1	1	8.67	1	0.07	1	0.74	1	0.02	1	1.13	1	0.83	1	0.02	1	0.16	1	0.01	1		1	0.16	1	0.01	1	3.62	1	0.02	1		1	3.62	1	0.02	1	1.09	1	0.05	1		1	1.09	1	0.05	1
PS99/042-1	HG_IV	2016-06-26T04:57:00	4.1728	79.0652	75	9.97	1	0.1	1	1	1	9.97	1	0.1	1	0.74	1	0.01	1	1.13	1	0.84	1	0.01	1	0.25	1	0.01	1		1	0.25	1	0.01	1	3.91	1	0.03	1		1	3.91	1	0.03	1	0.62	1	0	1		1	0.62	1	0	1
PS99/042-1	HG_IV	2016-06-26T04:57:00	4.1728	79.0652	100	11.18	1	0.18	1	1	1	11.18	1	0.18	1	0.77	1	0.06	1	1.13	1	0.87	1	0.06	1	0.29	1	0.02	1		1	0.29	1	0.02	1	4.04	1	0.1	1		1	4.04	1	0.1	1	-0.01	1	0.01	1		1	-0.01	1	0.01	1
PS99/044-1	HG_V	2016-06-28T05:16:00	3.6653	79.0672	10	-0.06	1	0	1	0.98	1	-0.06	1	0	1	0.11	1	0.02	1	0.97	1	0.1	1	0.02	1	0	1	0	1		1	0	1	0	1	1.35	1	0.18	1	1.07	1	1.45	1	0.2	1	-0.13	1	0.01	1	0.82	1	-0.13	1	0.01	1
PS99/044-1	HG_V	2016-06-28T05:16:00	3.6653	79.0672	25	5.33	1	0.05	1	0.98	1	5.19	1	0.05	1	0.53	1	0	1	0.97	1	0.51	1	0	1	0.09	1	0	1		1	0.09	1	0	1	2.97	1	0.01	1	1.07	1	3.19	1	0.01	1	0.61	1	0.02	1	0.82	1	0.5	1	0.02	1
PS99/044-1	HG_V	2016-06-28T05:16:00	3.6653	79.0672	40	6.18	1	0.02	1	0.98	1	6.03	1	0.02	1	0.58	1	0	1	0.97	1	0.56	1	0	1	0.11	1	0.01	1		1	0.11	1	0.01	1	3.18	1	0.03	1	1.07	1	3.42	1	0.03	1	1.33	1	0.01	1	0.82	1	1.08	1	0.01	1
PS99/044-1	HG_V	2016-06-28T05:16:00	3.6653	79.0672	75	10.69	1	0.02	1	0.98	1	10.42	1	0.02	1	0.77	1	0	1	0.97	1	0.74	1	0	1	0.17	1	0.01	1		1	0.17	1	0.01	1	4.23	1	0	1	1.07	1	4.55	1	0.01	1	0.21	1	0.01	1	0.82	1	0.17	1	0	1
PS99/044-1	HG_V	2016-06-28T05:16:00	3.6653	79.0672	100	11.63	1	0.05	1	0.98	1	11.35	1	0.05	1	0.8	1	0	1	0.97	1	0.77	1	0	1	0.09	1	0	1		1	0.09	1	0	1	4.42	1	0.03	1	1.07	1	4.75	1	0.03	1	-0.13	1	0.01	1	0.82	1	-0.13	1	0.01	1
PS99/045-1	HG_VI	2016-06-28T12:36:00	3.5702	79.06	10	-0.08	1	0	1	1	1	-0.08	1	0	1	0.26	1	0.01	1	0.84	1	0.22	1	0.01	1	0.03	1	0.01	1	1	1	0.03	1	0.01	1	2.15	8	0.12	1	1	1	2.15	1	0.12	1	-0.13	1	0	1	0.85	1	-0.13	1	0	1
PS99/045-1	HG_VI	2016-06-28T12:36:00	3.5702	79.06	20	2.34	1	0	1	1	1	2.34	1	0	1	0.39	1	0.01	1	0.84	1	0.32	1	0.01	1	0.07	1	0	1	1	1	0.07	1	0	1	2.8	8	0.02	1	1	1	2.8	1	0.02	1	-0.02	1	0	1	0.85	1	-0.02	1	0	1
PS99/045-1	HG_VI	2016-06-28T12:36:00	3.5702	79.06	40	8.43	1	0.02	1	1	1	8.43	1	0.02	1	0.74	1	0	1	0.84	1	0.62	1	0	1	0.13	1	0	1	1	1	0.13	1	0	1	3.84	8	0.01	1	1	1	3.84	1	0.01	1	0.79	1	0.01	1	0.85	1	0.67	1	0.01	1
PS99/045-1	HG_VI	2016-06-28T12:36:00	3.5702	79.06	75	10.54	1	0.05	1	1	1	10.54	1	0.05	1	0.77	1	0.06	1	0.84	1	0.65	1	0.05	1	0.21	1	0.01	1	1	1	0.21	1	0.01	1	4.41	8	0.03	1	1	1	4.41	1	0.03	1	0.09	1	0.01	1	0.85	1	0.08	1	0.01	1
PS99/045-1	HG_VI	2016-06-28T12:36:00	3.5702	79.06	100	10.97	1	0.11	1	1	1	10.97	1	0.11	1	0.85	1	0.01	1	0.84	1	0.71	1	0.01	1	0.17	1	0	1	1	1	0.17	1	0	1	4.46	8	0.07	1	1	1	4.46	1	0.07	1	-0.11	1	0	1	0.85	1	-0.11	1	0	1
PS99/046-1	HG_VII	2016-06-28T21:09:00	3.526	79.0568	10	16.15	1	0.02	1		1	16.15	1	0.02	1	1.17	1	0.01	1		1	1.18	1	0.01	1	0.43	1	0.03	1		1	0.43	1	0.03	1	30.25	8	0.03	1		1	30.25	8	0.03	1	5.58	1	0	1		1	5.58	1	0	1
PS99/046-1	HG_VII	2016-06-28T21:09:00	3.526	79.0568	15	0.43	1	0	1		1	0.43	1	0	1	0.16	1	0	1		1	0.16	1	0	1	0.04	1	0	1		1	0.04	1	0	1	1.95	8	0.12	1		1	1.95	1	0.12	1	-0.2	1	0.01	1		1	-0.2	1	0.01	1
PS99/046-1	HG_VII	2016-06-28T21:09:00	3.526	79.0568	35	5.36	1	0.02	1		1	5.36	1	0.02	1	0.51	1	0	1		1	0.51	1	0	1	0.12	1	0	1		1	0.12	1	0	1	2.84	8	0.2	1		1	2.84	1	0.2	1	0.48	1	0	1		1	0.48	1	0	1
PS99/046-1	HG_VII	2016-06-28T21:09:00	3.526	79.0568	75	9.29	1	0.17	1		1	9.29	1	0.17	1	0.68	1	0.01	1		1	0.68	1	0.01	1	0.18	1	0.01	1		1	0.18	1	0.01	1	3.93	8	0.02	1		1	3.93	1	0.02	1	0.6	1	0.09	1		1	0.6	1	0.09	1
PS99/046-1	HG_VII	2016-06-28T21:09:00	3.526	79.0568	100	10.53	1	0.05	1		1	10.53	1	0.05	1	0.73	1	0	1		1	0.74	1	0	1	0.18	1	0.02	1		1	0.18	1	0.02	1	4.21	8	0.02	1		1	4.21	1	0.02	1	0.09	1	0	1		1	0.09	1	0	1
PS99/046-1	HG_VII	2016-06-28T21:09:00	3.526	79.0568	10	15.19	1		1		1	15.19	1		1	1.17	1		1		1	1.17	1		1	0.41	1		1		1	0.41	1		1	30.32	1		1		1	30.32	8		1	5.55	1		1		1	5.55	1		1
PS99/046-1	HG_VII	2016-06-28T21:09:00	3.526	79.0568	15	0.51	1		1		1	0.51	1		1	0.15	1		1		1	1.17	1		1	0.02	1		1		1	0.02	1		1	2.15	1		1		1	2.15	1		1	-0.15	1		1		1	-0.15	1		1
PS99/046-1	HG_VII	2016-06-28T21:09:00	3.526	79.0568	35	2.75	1		1		1	2.75	1		1	0.35	1		1		1	0.15	1		1	0.09	1		1		1	0.09	1		1	2.74	1		1		1	2.74	1		1	-0.03	1		1		1	-0.03	1		1
PS99/046-1	HG_VII	2016-06-28T21:09:00	3.526	79.0568	75	8.66	1		1		1	8.66	1		1	0.68	1		1		1	0.35	1		1	0.13	1		1		1	0.13	1		1	3.75	1		1		1	3.75	1		1	0.94	1		1		1	0.94	1		1
PS99/046-1	HG_VII	2016-06-28T21:09:00	3.526	79.0568	100	10.81	1		1		1	10.81	1		1	0.76	1		1	1.05	1	0.76	1	0.01	1	0.22	1		1		1	0.22	1		1	4.25	1		1		1	4.25	1		1	0.13	1		1		1	0.13	1		1
PS99/046-1	HG_VII	2016-06-28T21:09:00	3.526	79.0568	100	10.6	1	0.07	1	1.03	1	10.9	1	0.07	1	0.72	1	0.01	1		1	0.68	1		1	0.22	1	0.01	1	1	1	0.22	1	0.01	1	4.07	1	0.03	1	1	1	4.07	1	0.03	1	0.43	1	0.01	1	1.1	1	0.48	1	0.01	1
PS99/047-1	HG_VIII	2016-06-29T06:35:00	3.3448	79.0722	5	0.44	1	0	1	1.03	1	0.46	1	0	1	0.21	1	0	1	1.05	1	0.22	1	0	1	-0.03	1	0	1	1	1	-0.03	1	0	1	1.33	1	0.24	1	1	1	1.33	1	0.24	1	0.3	1	0.19	1	1.1	1	0.33	1	0.21	1
PS99/047-1	HG_VIII	2016-06-29T06:35:00	3.3448	79.0722	15	3.89	1	0.02	1	1.03	1	4	1	0.02	1	0.47	1	0	1	1.05	1	0.49	1	0	1	0.05	1	0.03	1	1	1	0.05	1	0.03	1	2.43	1	0	1	1	1	2.43	1	0	1	0.4	1	0	1	1.1	1	0.44	1	0	1
PS99/047-1	HG_VIII	2016-06-29T06:35:00	3.3448	79.0722	35	8.08	1	0.01	1	1.03	1	8.31	1	0.01	1	0.65	1	0.01	1	1.05	1	0.68	1	0.01	1	0.16	1	0	1	1	1	0.16	1	0	1	3.34	1	0.04	1	1	1	3.34	1	0.04	1	0.9	1	0.02	1	1.1	1	1	1	0.03	1
PS99/047-1	HG_VIII	2016-06-29T06:35:00	3.3448	79.0722	75	10.88	1	0.17	1	1.03	1	11.18	1	0.17	1	0.71	1	0.06	1	1.05	1	0.75	1	0.06	1	0.28	1	0	1	1	1	0.28	1	0	1	3.95	1	0.13	1	1	1	3.95	1	0.13	1	0.15	1	0	1	1.1	1	0.17	1	0	1
PS99/047-1	HG_VIII	2016-06-29T06:35:00	3.3448	79.0722	100	10.87	1	0.04	1	1.03	1	11.18	1	0.04	1	0.77	1	0.01	1	1.05	1	0.81	1	0.02	1	0.28	1	0	1	1	1	0.28	1	0	1	3.97	1	0.13	1	1	1	3.97	1	0.13	1	0.15	1	0	1	1.1	1	0.16	1	0	1
PS99/048-1	EG_IV	2016-06-30T00:47:00	-2.74841	78.82215	10	1.96	4	0.01	4	0.97	0	1.9	0	0.01	0	0.3	4	0	4	1.12	0	0.33	0	0	0	0.04	0	0	0	1	1	0.04	0	0	0	2.05	0	0.24	0	1	1	2.05	0	0.24	0	-0.13	1	0.01	1	0.83	1	-0.13	1	0.01	1
PS99/048-1	EG_IV	2016-06-30T00:47:00	-2.74841	78.82215	24	5.12	4	0.03	4	0.97	0	4.96	0	0.03	0	0.45	4	0	4	1.12	0	0.5	0	0	0	0.04	0	0	0	1	1	0.04	0	0	0	2.44	0	0.14	0	1	1	2.44	0	0.14	0	-0.1	1	0.02	1	0.83	1	-0.1	1	0.02	1
PS99/048-1	EG_IV	2016-06-30T00:47:00	-2.74841	78.82215	37	5.36	4	0.1	4	0.97	0	5.18	0	0.09	0	0.45	4	0.01	4	1.12	0	0.5	0	0.01	0	0.03	0	0	0	1	1	0.03	0	0	0	2.57	0	0.41	0	1	1	2.57	0	0.41	0	-0.13	1	0.01	1	0.83	1	-0.13	1	0.01	1
PS99/048-1	EG_IV	2016-06-30T00:47:00	-2.74841	78.82215	75	10.04	4	0.02	4	0.97	0	9.72	0	0.02	0	0.7	4	0	4	1.12	0	0.78	0	0.01	0	0.05	0	0	0	1	1	0.05	0	0	0	4.63	0	0.73	0	1	1	4.63	0	0.73	0	0.19	1	0.01	1	0.83	1	0.16	1	0.01	1
PS99/048-1	EG_IV	2016-06-30T00:47:00	-2.74841	78.82215	100	11.39	4	0.14	4	0.97	0	11.02	0	0.13	0	0.72	4	0	4	1.12	0	0.81	0	0	0	0.05	0	0	0	1	1	0.05	0	0	0	4.83	0	0.17	0	1	1	4.83	0	0.17	0	-0.05	1	0.02	1	0.83	1	-0.05	1	0.02	1
PS99/048-1	EG_IV	2016-06-30T00:47:00	-2.74841	78.82215	250	11.41	4	0.42	4	1.04	0	11.91	0	0.44	0	0.7	4	0	4	1.11	0	0.78	0	0	0	-0.01	0	0.01	0	1	1	-0.01	0	0.01	0	4.44	0	0.22	0	1	1	4.44	0	0.22	0	-0.15	1	0	1	0.67	1	-0.15	1	0	1
PS99/048-1	EG_IV	2016-06-30T00:47:00	-2.74841	78.82215	500	12.11	4	0.05	4	1.04	0	12.64	0	0.06	0	0.77	4	0	4	1.11	0	0.85	0	0	0	-0.01	0	0	0	1	1	-0.01	0	0	0	5.74	0	0.08	0	1	1	5.74	0	0.08	0	-0.12	1	0	1	0.67	1	-0.12	1	0	1
PS99/048-1	EG_IV	2016-06-30T00:47:00	-2.74841	78.82215	1000	13.18	4	0.05	4	1.04	0	13.76	0	0.05	0	0.85	4	0.01	4	1.11	0	0.94	0	0.02	0	-0.01	0	0.02	0	1	1	-0.01	0	0.02	0	7.1	0	0.01	0	1	1	7.1	0	0.01	0	-0.13	1	0.01	1	0.67	1	-0.13	1	0.01	1
PS99/048-1	EG_IV	2016-06-30T00:47:00	-2.74841	78.82215	2000	14.32	4	0.13	4	1.04	0	14.95	0	0.14	0	0.94	4	0.01	4	1.11	0	1.03	0	0.02	0	-0.02	0	0.02	0	1	1	-0.02	0	0.02	0	11.46	0	0.02	0	1	1	11.46	0	0.02	0	-0.11	1	0.01	1	0.67	1	-0.11	1	0.01	1
PS99/048-1	EG_IV	2016-06-30T00:47:00	-2.74841	78.82215	2500	14.32	4	0.15	4	1.04	0	14.95	0	0.16	0	0.96	4	0.01	4	1.11	0	1.06	0	0.01	0	-0.02	0	0.01	0	1	1	-0.02	0	0.01	0	12.07	0	0.19	0	1	1	12.07	0	0.19	0	-0.09	1	0.01	1	0.67	1	-0.09	1	0.01	1
PS99/049-1	EG_III	2016-07-01T12:38:00	-3.9733	78.8622	10	0.32	0	0.03	0	1	1	0.32	0	0.03	0	0.16	4	0	4	0.97	0	0.16	0	0	0	0.01	0	0	0	1	1	0.01	0	0	0	0.97	0	0.28	0	1	1	0.97	0	0.28	0	-0.12	1	0	1	0.85	1	-0.12	1	0	1
PS99/049-1	EG_III	2016-07-01T12:38:00	-3.9733	78.8622	24	6.77	0	0.06	0	1	1	6.77	0	0.06	0	0.56	4	0.01	4	0.97	0	0.54	0	0.01	0	0.05	0	0	0	1	1	0.05	0	0	0	2.74	0	0.14	0	1	1	2.74	0	0.14	0	0.27	1	0	1	0.85	1	0.23	1	0	1
PS99/049-1	EG_III	2016-07-01T12:38:00	-3.9733	78.8622	37	7.67	0	0.03	0	1	1	7.67	0	0.03	0	0.6	4	0	4	0.97	0	0.59	0	0	0	0.05	0	0	0	1	1	0.05	0	0	0	3.03	0	0	0	1	1	3.03	0	0	0	-0.06	1	0	1	0.85	1	-0.06	1	0	1
PS99/049-1	EG_III	2016-07-01T12:38:00	-3.9733	78.8622	75	9.15	0	0.05	0	1	1	9.15	0	0.05	0	0.68	4	0.01	4	0.97	0	0.66	0	0.01	0	0.05	0	0	0	1	1	0.05	0	0	0	4.03	0	0.02	0	1	1	4.03	0	0.02	0	-0.01	1	0	1	0.85	1	-0.01	1	0	1
PS99/049-1	EG_III	2016-07-01T12:38:00	-3.9733	78.8622	100	10.86	0	0.01	0	1	1	10.86	0	0.01	0	0.81	4	0.01	4	0.97	0	0.79	0	0.01	0	0.08	0	0	0	1	1	0.08	0	0	0	4.8	0	0.05	0	1	1	4.8	0	0.05	0	-0.08	1	0	1	0.85	1	-0.08	1	0	1
PS99/050-1	EG_II	2016-07-01T19:40:00	-4.6503	78.9367	5	0.02	0	0	0	1	1	0.02	0	0	0	0.21	0	0.02	1	0.9	8	0.16	8	0.01	8	-0.01	0	0	0	1	1	-0.01	0	0	0	1.31	0	0.02	0	1	1	1.31	0	0.02	0	-0.14	1	0.02	1	0.84	1	-0.14	1	0.02	1
PS99/050-1	EG_II	2016-07-01T19:40:00	-4.6503	78.9367	5	-0.05	0	0	0	1	1	-0.05	0	0	0	0.17	0	0.01	1	0.9	8	0.18	8	0.01	8	-0.01	0	0	0	1	1	-0.01	0	0	0	0.93	0	0.03	0	1	1	0.93	0	0.03	0	-0.11	1	0	1	0.84	1	-0.11	1	0	1
PS99/050-1	EG_II	2016-07-01T19:40:00	-4.6503	78.9367	18	4.73	0	0	0	1	1	4.73	0	0	0	0.45	0	0.04	1	0.9	8	0.4	8	0.04	8	0.02	0	0	0	1	1	0.02	0	0	0	2.56	0	0.05	0	1	1	2.56	0	0.05	0	0.16	1	0.03	1	0.84	1	0.13	1	0.03	1
PS99/050-1	EG_II	2016-07-01T19:40:00	-4.6503	78.9367	35	5.57	0	0.06	0	1	1	5.57	0	0.06	0	0.51	0	0.01	1	0.9	8	0.46	8	0.01	8	0.04	0	0	0	1	1	0.04	0	0	0	2.61	0	0.02	0	1	1	2.61	0	0.02	0	0.02	1	0.01	1	0.84	1	0.02	1	0.01	1
PS99/050-1	EG_II	2016-07-01T19:40:00	-4.6503	78.9367	75	6.38	0	0.03	0	1	1	6.38	0	0.03	0	0.55	0	0.01	1	0.9	8	0.49	8	0.01	8	0.01	0	0	0	1	1	0.01	0	0	0	2.67	0	0.02	0	1	1	2.67	0	0.02	0	-0.13	1	0	1	0.84	1	-0.13	1	0	1
PS99/050-1	EG_II	2016-07-01T19:40:00	-4.6503	78.9367	100	8.49	0	0.06	0	1	1	8.49	0	0.06	0	0.68	0	0	0	0.9	8	0.61	8	0	8	0.03	0	0	0	1	1	0.03	0	0	0	4	0	0.03	0	1	1	4	0	0.03	0	0.08	1	0	1	0.84	1	0.07	1	0	1
PS99/051-2	EG_I	2016-07-02T02:29:00	-4.6503	78.9367	5	0.05	0	0	0	0.98	4	0.04	4	0	4	0.3	0	0	0	0.95	4	0.28	4	0	4	-0.02	0	0	0	1	1	-0.02	0	0	0	1.49	0	0.03	0	1	1	1.49	0	0.03	0	-0.13	1	0	1	0.87	1	-0.13	1	0	1
PS99/051-2	EG_I	2016-07-02T02:29:00	-4.6503	78.9367	13	3.84	0	0.01	0	0.98	4	3.76	4	0.01	4	0.49	0	0	0	0.95	4	0.46	4	0	4	0.01	0	0	0	1	1	0.01	0	0	0	4.5	0	0	0	1	1	4.5	0	0	0	-0.1	1	0	1	0.87	1	-0.1	1	0	1
PS99/051-2	EG_I	2016-07-02T02:29:00	-4.6503	78.9367	50	6.67	0	0.04	0	0.98	4	6.52	4	0.04	4	0.55	0	0	0	0.95	4	0.52	4	0	4	0.02	0	0	0	1	1	0.02	0	0	0	3.95	0	0.05	0	1	1	3.95	0	0.05	0	-0.09	1	0	1	0.87	1	-0.09	1	0	1
PS99/051-2	EG_I	2016-07-02T02:29:00	-4.6503	78.9367	75	5.67	0	0.02	0	0.98	4	5.55	4	0.02	4	0.49	0	0	0	0.95	4	0.46	4	0	4	0.02	0	0	0	1	1	0.02	0	0	0	2.86	0	0	0	1	1	2.86	0	0	0	-0.11	1	0	1	0.87	1	-0.11	1	0	1
PS99/051-2	EG_I	2016-07-02T02:29:00	-4.6503	78.9367	100	8.63	0	0.08	0	0.98	4	8.44	4	0.08	4	0.67	0	0	0	0.95	4	0.63	4	0	4	0	0	0	0	1	1	0	0	0	0	4.04	0	0	0	1	1	4.04	0	0	0	-0.09	1	0.01	1	0.87	1	-0.09	1	0.01	1
PS99/051-2	EG_I	2016-07-02T02:29:00	-4.6503	78.9367	971	12.89	0	0.07	0	0.98	4	12.6	4	0.06	4	0.9	0	0	0	0.95	4	0.85	4	0	4	-0.02	0	0	0	1	1	-0.02	0	0	0	7	0	0.04	0	1	1	7	0	0.04	0	-0.11	1	0.03	1	0.87	1	-0.11	1	0.03	1
PS99/053-2	N5	2016-07-03T18:21:00	3.062	79.9212	15	0.62	0	0.02	0	1	1	0.62	0	0.02	0	0.23	0	0	0	1.63	8	0.38	8	0	8	0.05	4	0	4	0.88	0	0.04	0	0	0	0.45	0	0.01	0	1	1	0.45	0	0.01	0	-0.13	1	0	1	1.73	1	-0.13	1	0	1
PS99/053-2	N5	2016-07-03T18:21:00	3.062	79.9212	19	1.02	0	0.01	0	1	1	1.02	0	0.01	0	0.31	0	0.03	0	1.63	8	0.51	8	0.04	8	0.06	4	0.01	4	0.88	0	0.05	0	0.01	0	0.71	0	0.01	0	1	1	0.71	0	0.01	0	-0.1	1	0.04	1	1.73	1	-0.1	1	0.04	1
PS99/053-2	N5	2016-07-03T18:21:00	3.062	79.9212	60	8.17	0	0	0	1	1	8.17	0	0	0	0.65	0	0	0	1.63	8	1.07	8	0	8	0.13	4	0	4	0.88	0	0.12	0	0	0	2.63	0	0.04	0	1	1	2.63	0	0.04	0	1.42	1	0.01	1	1.73	1	2.44	1	0.02	1
PS99/053-2	N5	2016-07-03T18:21:00	3.062	79.9212	75	9.02	0	0.04	0	1	1	9.02	0	0.04	0	0.7	0	0	0	1.63	8	1.14	8	0	8	0.18	4	0	4	0.88	0	0.16	0	0	0	2.92	0	0.04	0	1	1	2.92	0	0.04	0	1.06	1	0	1	1.73	1	1.83	1	0	1
PS99/053-2	N5	2016-07-03T18:21:00	3.062	79.9212	100	10.28	0	0.09	0	1	1	10.28	0	0.09	0	0.68	0	0.04	0	1.63	8	1.1	8	0.06	8	0.26	4	0	4	0.88	0	0.23	0	0	0	3.22	0	0.08	0	1	1	3.22	0	0.08	0	0.24	1	0.01	1	1.73	1	0.42	1	0.01	1
PS99/053-2	N5	2016-07-03T18:21:00	3.062	79.9212	250	11.25	0	0.06	0	1	1	11.25	0	0.06	0	0.77	0	0.01	0	1.63	8	1.26	8	0.01	8	0.01	4	0.01	4	0.88	0	0	0	0.01	0	3.49	0	0.01	0	1	1	3.49	0	0.01	0	-0.14	1	0	1	1.73	1	-0.14	1	0	1
PS99/053-2	N5	2016-07-03T18:21:00	3.062	79.9212	500	12	0	0.05	0	1	1	12	0	0.05	0	0.82	0	0	0	1.63	8	1.52	8	0.01	8	0	4	0.01	4	0.88	0	0	0	0.01	0	4.58	0	0.03	0	1	1	4.58	0	0.03	0	-0.12	1	0.02	1	1.73	1	-0.12	1	0.02	1
PS99/053-2	N5	2016-07-03T18:21:00	3.062	79.9212	1000	13.04	0	0.21	0	1	1	13.04	0	0.21	0	0.93	0	0	0	1.63	8	1.34	8	0.01	8	0	4	0.02	4	0.88	0	0	0	0.02	0	6.5	0	0.02	0	1	1	6.5	0	0.02	0	-0.11	1	0	1	1.73	1	-0.11	1	0	1
PS99/053-2	N5	2016-07-03T18:21:00	3.062	79.9212	2427	14.28	0	0.08	0	1	1	14.28	0	0.08	0	0.97	0	0	0	1.63	8	1.59	8	0	8	-0.01	4	0	4	0.88	0	-0.01	0	0	0	10.79	0	0.01	0	1	1	10.79	0	0.01	0	-0.1	1	0.01	1	1.73	1	-0.1	1	0.01	1
PS99/054-1	N3	2016-07-04T19:27:00	5.17	79.5867	10	1.35	0	0	0	1	1	1.35	0	0	0	0.21	0	0.02	0	1.12	4	0.23	4	0.02	4	0.04	0	0.01	0	1	1	0.04	0	0.01	0	1.42	0	0.02	0	1	1	1.42	0	0.02	0	0.17	1	0	1	0.91	1	0.15	1	0	1
PS99/054-1	N3	2016-07-04T19:27:00	5.17	79.5867	34	8.26	0	0.11	0	1	1	8.26	0	0.11	0	0.65	0	0	0	1.12	4	0.72	4	0	4	0.17	0	0	0	1	1	0.17	0	0	0	3.19	0	0.05	0	1	1	3.19	0	0.05	0	1.41	1	0	1	0.91	1	1.29	1	0	1
PS99/054-1	N3	2016-07-04T19:27:00	5.17	79.5867	60	9.39	0	0.05	0	1	1	9.39	0	0.05	0	0.68	0	0	0	1.12	4	0.76	4	0	4	0.19	0	0	0	1	1	0.19	0	0	0	3.28	0	0.03	0	1	1	3.28	0	0.03	0	0.91	1	0.01	1	0.91	1	0.83	1	0.01	1
PS99/054-1	N3	2016-07-04T19:27:00	5.17	79.5867	75	10.67	0	0.09	0	1	1	10.67	0	0.09	0	0.72	0	0	0	1.12	4	0.8	4	0	4	0.18	0	0	0	1	1	0.18	0	0	0	3.4	0	0.03	0	1	1	3.4	0	0.03	0	0.31	1	0.01	1	0.91	1	0.28	1	0.01	1
PS99/054-1	N3	2016-07-04T19:27:00	5.17	79.5867	100	10.3	0	0.07	0	1	1	10.3	0	0.07	0	0.7	0	0	0	1.12	4	0.78	4	0	4	0.19	0	0	0	1	1	0.19	0	0	0	3.29	0	0.04	0	1	1	3.29	0	0.04	0	0.52	1	0.01	1	0.91	1	0.47	1	0.01	1
PS99/054-1	N3	2016-07-04T19:27:00	5.17	79.5867	1000	13.49	0	0.03	0	1	1	13.49	0	0.03	0	0.94	0	0	0	1.12	4	1.05	4	0	4	-0.02	0	0	0	1	1	-0.02	0	0	0	7.25	0	0	0	1	1	7.25	0	0	0	-0.09	1	0	1	0.91	1	-0.09	1	0	1
PS99/054-1	N3	2016-07-04T19:27:00	5.17	79.5867	1500	14.39	0	0.14	0	1	1	14.39	0	0.14	0	0.97	0	0	0	1.12	4	1.08	4	0	4	-0.02	0	0	0	1	1	-0.02	0	0	0	9.44	0	0.01	0	1	1	9.44	0	0.01	0	-0.09	1	0.01	1	0.91	1	-0.09	1	0.01	1
PS99/054-1	N3	2016-07-04T19:27:00	5.17	79.5867	2000	14.81	0	0.19	0	1	1	14.81	0	0.19	0	0.95	0	0.03	0	1.12	4	1.06	4	0.03	4	-0.02	0	0.01	0	1	1	-0.02	0	0.01	0	10.45	0	0.43	0	1	1	10.45	0	0.43	0	-0.08	1	0.01	1	0.91	1	-0.08	1	0.01	1
PS99/054-1	N3	2016-07-04T19:27:00	5.17	79.5867	2100	14.79	0	0.1	0	1	1	14.79	0	0.1	0	0.98	0	0	0	1.12	4	1.09	4	0	4	-0.02	0	0	0	1	1	-0.02	0	0	0	10.74	0	0.03	0	1	1	10.74	0	0.03	0	-0.08	1	0	1	0.91	1	-0.08	1	0	1
PS99/055-1	N4	2016-07-05T00:20:00	4.491	79.74565	10	0	0	0.02	0	1	0	0	0	0.02	0	0.1	4	0.01	4	1.29	0	0.13	0	0.01	0	-0.01	0	0	0	1	1	-0.01	0	0	0	1.11	0	0.02	0	1	1	1.11	0	0.02	0	-0.1	1	0.01	1	1.47	1	-0.1	1	0.01	1
PS99/055-1	N4	2016-07-05T00:20:00	4.491	79.74565	22	3.39	0	0.01	0	1	0	3.39	0	0.01	0	0.41	4	0.01	4	1.29	0	0.53	0	0.01	0	0.06	0	0	0	1	1	0.06	0	0	0	1.65	0	0	0	1	1	1.65	0	0	0	0.2	1	0.02	1	1.47	1	0.29	1	0.03	1
PS99/055-1	N4	2016-07-05T00:20:00	4.491	79.74565	50	7.37	0	0	0	1	0	7.37	0	0	0	0.68	4	0	4	1.29	0	0.88	0	0	0	0.12	0	0	0	1	1	0.12	0	0	0	2.43	0	0.02	0	1	1	2.43	0	0.02	0	1.37	1	0.01	1	1.47	1	2.02	1	0.01	1
PS99/055-1	N4	2016-07-05T00:20:00	4.491	79.74565	75	10.19	0	0.05	0	1	0	10.19	0	0.05	0	0.8	4	0	4	1.29	0	1.04	0	0	0	0.17	0	0	0	1	1	0.17	0	0	0	3.68	0	0	0	1	1	3.68	0	0	0	0.74	1	0.03	1	1.47	1	1.08	1	0.04	1
PS99/055-1	N4	2016-07-05T00:20:00	4.491	79.74565	100	10.84	0	0	0	1	0	10.84	0	0	0	0.77	4	0.02	4	1.29	0	1	0	0.03	0	0.2	0	0	0	1	1	0.2	0	0	0	3.9	0	0	0	1	1	3.9	0	0	0	0.28	1	0.01	1	1.47	1	0.42	1	0.01	1
PS99/055-1	N4	2016-07-05T00:20:00	4.491	79.74565	250	10.78	4	0.67	4	0.98	0	10.54	0	0.65	0	0.72	0	0.02	0		1	0.72	0	0.02	0	-0.01	0	0.01	0		1	-0.01	0	0.01	0	3.82	4	0.35	4	1.05	0	4	0	0.37	0	-0.07	1	0.01	1	1.79	1	-0.07	1	0.01	1
PS99/055-1	N4	2016-07-05T00:20:00	4.491	79.74565	500	11.68	4	0.17	4	0.98	0	11.42	0	0.17	0	0.82	0	0.06	0		1	0.82	0	0.06	0	-0.01	0	0.01	0		1	-0.01	0	0.01	0	4.36	4	0.24	4	1.05	0	4.57	0	0.25	0	-0.06	1	0	1	1.79	1	-0.06	1	0	1
PS99/055-1	N4	2016-07-05T00:20:00	4.491	79.74565	1000	14.28	4	0.14	4	0.98	0	13.96	0	0.14	0	0.92	0	0	0		1	0.92	0	0	0	0	0	0.01	0		1	0	0	0.01	0	8.66	4	0.19	4	1.05	0	9.07	0	0.19	0	-0.03	1	0.01	1	1.79	1	-0.03	1	0.01	1
PS99/055-1	N4	2016-07-05T00:20:00	4.491	79.74565	2000	14.88	4	0.21	4	0.98	0	14.55	0	0.21	0	0.9	0	0.02	0		1	0.9	0	0.02	0	-0.01	0	0.02	0		1	-0.01	0	0.02	0	10.78	4	0.01	4	1.05	0	11.3	0	0.01	0	-0.05	1	0.01	1	1.79	1	-0.05	1	0.01	1
PS99/055-1	N4	2016-07-05T00:20:00	4.491	79.74565	2500	14.79	4	0.01	4	0.98	0	14.46	0	0.01	0	0.86	0		1		1	0.86	0		1	-0.01	0	0.02	0		1	-0.01	0	0.02	0	10.72	4	0.13	4	1.05	0	11.24	0	0.14	0	-0.08	1	0	1	1.79	1	-0.08	1	0	1
PS99/057-1	HG_II	2016-07-06T04:17:00	4.9067	79.13	10	1.2	0	0.01	0	1	1	1.2	0	0.01	0	0.08	0	0.04	0	1.75	8	0.15	8	0.06	8	0	0	0	0	1	1	0	0	0	0	1.27	0	0.02	0	1	1	1.27	0	0.02	0	-0.18	1	0.01	1		1	-0.18	1	0.01	1
PS99/057-1	HG_II	2016-07-06T04:17:00	4.9067	79.13	28	6.24	0	0.01	0	1	1	6.24	0	0.01	0	0.51	0	0	0	1.75	8	0.89	8	0	8	0.09	0	0	0	1	1	0.09	0	0	0	2.74	0	0.02	0	1	1	2.74	0	0.02	0	0.94	1	0	1		1	0.94	1	0	1
PS99/057-1	HG_II	2016-07-06T04:17:00	4.9067	79.13	50	8.32	0	0.05	0	1	1	8.32	0	0.05	0	0.64	0	0.01	0	1.75	8	1.12	8	0.02	8	0.15	0	0	0	1	1	0.15	0	0	0	3.41	0	0.04	0	1	1	3.41	0	0.04	0	1.11	1	0	1		1	1.11	1	0	1
PS99/057-1	HG_II	2016-07-06T04:17:00	4.9067	79.13	75	10.33	0	0.09	0	1	1	10.33	0	0.09	0	0.7	0	0.01	0	1.75	8	1.23	8	0.01	8	0.23	0	0	0	1	1	0.23	0	0	0	3.78	0	0.08	0	1	1	3.78	0	0.08	0	0.23	1	0	1		1	0.23	1	0	1
PS99/057-1	HG_II	2016-07-06T04:17:00	4.9067	79.13	100	11.04	0	0	0	1	1	11.04	0	0	0	0.74	0	0.01	0	1.75	8	1.3	8	0.01	8	0.2	0	0.01	0	1	1	0.2	0	0.01	0	3.88	0	0.11	0	1	1	3.88	0	0.11	0	-0.1	1	0.01	1		1	-0.1	1	0.01	1
PS99/057-1	HG_II	2016-07-06T04:17:00	4.9067	79.13	250	11.52	0	0.01	0	1	1	11.52	0	0.01	0	0.78	0	0	0	1.75	8	1.37	8	0	8	-0.02	0	0	0	1	1	-0.02	0	0	0	4.06	0	0.02	0	1	1	4.06	0	0.02	0	-0.2	1	0	1		1	-0.2	1	0	1
PS99/057-1	HG_II	2016-07-06T04:17:00	4.9067	79.13	500	12.36	0	0.03	0	1	1	12.36	0	0.03	0	0.85	0	0	0	1.75	8	1.49	8	0.01	8	-0.03	0	0	0	1	1	-0.03	0	0	0	5.09	0	0.02	0	1	1	5.09	0	0.02	0	-0.21	1	0.01	1		1	-0.21	1	0.01	1
PS99/057-1	HG_II	2016-07-06T04:17:00	4.9067	79.13	750	13.43	0	0.07	0	1	1	13.43	0	0.07	0	0.92	0	0	0	1.75	8	1.62	8	0.01	8	-0.03	0	0	0	1	1	-0.03	0	0	0	6.91	0	0.07	0	1	1	6.91	0	0.07	0	-0.19	1	0	1		1	-0.19	1	0	1
PS99/057-1	HG_II	2016-07-06T04:17:00	4.9067	79.13	1000	14.12	0	0.17	0	1	1	14.12	0	0.17	0	0.97	0	0	0	1.75	8	1.69	8	0.01	8	-0.03	0	0	0	1	1	-0.03	0	0	0	9.33	0	0.06	0	1	1	9.33	0	0.06	0	-0.19	1	0.01	1		1	-0.19	1	0.01	1
PS99/059-2	HG_IX	2016-07-06T21:48:00	4.9067	79.13	1500	14.92	0	0.03	0	1	1	14.92	0	0.03	0	1.01	0	0.04	0	1.75	8	1.78	8	0.07	8	-0.03	0	0	0	1	1	-0.03	0	0	0	12.35	0	0.02	0	1	1	12.35	0	0.02	0	-0.2	1	0	1		1	-0.2	1	0	1
PS99/059-2	HG_IX	2016-07-06T21:48:00	2.8458	79.1348	10	0.82	4	0	4	0.95	0	0.78	0	0	0	0.26	8	0.21	8	0.75	8	0.19	8	0.16	8	-0.01	0	0	0	1	1	-0.01	0	0	0	0.29	4	0.01	4	1.03	0	0.3	0	0.01	0	0.14	1	0.43	1	0.73	1	0.08	1	0.35	1
PS99/059-2	HG_IX	2016-07-06T21:48:00	2.8458	79.1348	24	1.86	4	0.08	4	0.95	0	1.77	0	0.07	0	0.9	8	0	8	0.75	8	0.67	8	0	8	0.03	0	0	0	1	1	0.03	0	0	0	1.67	4	0.02	4	1.03	0	1.72	0	0.02	0	-0.04	1	0.02	1	0.73	1	-0.04	1	0.02	1
PS99/059-2	HG_IX	2016-07-06T21:48:00	2.8458	79.1348	45	8.52	4	0.01	4	0.95	0	8.07	0	0.01	0	1.08	8	0.52	8	0.75	8	0.81	8	0.39	8	0.05	0	0	0	1	1	0.05	0	0	0	2.66	4	0.01	4	1.03	0	2.73	0	0.01	0	0.41	1	0.19	1	0.73	1	0.3	1	0.14	1
PS99/059-2	HG_IX	2016-07-06T21:48:00	2.8458	79.1348	75	9.91	4	0.08	4	0.95	0	9.4	0	0.08	0	1.54	8	0.05	8	0.75	8	1.15	8	0.04	8	0.17	0	0	0	1	1	0.17	0	0	0	3.29	4	0	4	1.03	0	3.38	0	0	0	1.69	1	0.34	1	0.73	1	1.24	1	0.25	1
PS99/059-2	HG_IX	2016-07-06T21:48:00	2.8458	79.1348	100	11.84	4	0.02	4	0.95	0	11.22	0	0.02	0	1.5	8	0.06	8	0.75	8	1.12	8	0.05	8	0.25	0	0	0	1	1	0.25	0	0	0	3.6	4	0.03	4	1.03	0	3.7	0	0.03	0	0.65	1	0.38	1	0.73	1	0.47	1	0.28	1
PS99/059-2	HG_IX	2016-07-06T21:48:00	2.8458	79.1348	1000	14.32	4	0.05	4	0.95	0	13.58	0	0.04	0	1.56	8	0.23	8	0.75	8	1.17	8	0.17	8	-0.01	0	0	0	1	1	-0.01	0	0	0	6.62	4	0.01	4	1.03	0	6.82	0	0.01	0	0	1	0.2	1	0.73	1	-0.02	1	0.17	1
PS99/059-2	HG_IX	2016-07-06T21:48:00	2.8458	79.1348	2500	16.06	4	0.02	4	0.95	0	15.22	0	0.02	0	1.69	8	0.04	8	0.75	8	1.27	8	0.03	8	-0.01	0	0	0	1	1	-0.01	0	0	0	10.79	4	0.03	4	1.03	0	11.11	0	0.03	0	-0.07	1	0	1	0.73	1	-0.07	1	0	1
PS99/062-4	SV_IV	2016-07-08T20:58:00	2.8458	79.1348	5500	15.85	4	0.03	4	0.95	0	15.02	0	0.03	0	1.34	8	0.36	8	0.75	8	1	8	0.27	8	-0.02	0	0	0	1	1	-0.02	0	0	0	10.94	4	0.11	4	1.03	0	11.27	0	0.11	0	-0.03	1	0.02	1	0.73	1	-0.03	1	0.02	1
PS99/062-4	SV_IV	2016-07-08T20:58:00	6.974	79.0348	10	3.9	0	0	0	1	1	3.9	0	0	0	0.25	0	0	0	1.26	8	0.32	8	0	8	0.09	0	0	0	1	1	0.09	0	0	0	2.53	4	3.58	4		1	2.53	4	3.58	4	-0.06	1	0	1	1.21	1	-0.06	1	0	1
PS99/062-4	SV_IV	2016-07-08T20:58:00	6.974	79.0348	22	4.7	0	0.03	0	1	1	4.7	0	0.03	0	0.33	0	0.01	0	1.26	8	0.42	8	0.01	8	0.1	0	0	0	1	1	0.1	0	0	0	4.03	4	0.19	4		1	4.03	4	0.19	4	0.2	1	0.01	1	1.21	1	0.25	1	0.02	1
PS99/062-4	SV_IV	2016-07-08T20:58:00	6.974	79.0348	50	8.36	0	0.09	0	1	1	8.36	0	0.09	0	0.58	0	0.07	0	1.26	8	0.74	8	0.09	8	0.18	0	0	0	1	1	0.18	0	0	0	6.18	4	0.71	4		1	6.18	4	0.71	4	1.58	1	0.01	1	1.21	1	1.91	1	0.01	1
PS99/062-4	SV_IV	2016-07-08T20:58:00	6.974	79.0348	75	10.78	0	0.03	0	1	1	10.78	0	0.03	0	0.71	0	0.01	0	1.26	8	0.9	8	0.01	8	0.18	0	0	0	1	1	0.18	0	0	0	5.68	4	1.21	4		1	5.68	4	1.21	4	0.42	1	0	1	1.21	1	0.5	1	0	1
PS99/062-4	SV_IV	2016-07-08T20:58:00	6.974	79.0348	100	11.08	0	0.02	0	1	1	11.08	0	0.02	0	0.66	0	0.08	0	1.26	8	0.84	8	0.1	8	0.19	0	0	0	1	1	0.19	0	0	0	4.66	4	0.06	4		1	4.66	4	0.06	4	0.06	1	0	1	1.21	1	0.07	1	0	1
PS99/062-4	SV_IV	2016-07-08T20:58:00	6.974	79.0348	250	11.84	0	0.11	0	1	1	11.84	0	0.11	0	0.76	0	0	0	1.26	8	0.96	8	0	8	0.07	0	0	0	1	1	0.07	0	0	0	4.23	4	0.58	4		1	4.23	4	0.58	4	-0.14	1	0.01	1	1.21	1	-0.14	1	0.01	1
PS99/062-4	SV_IV	2016-07-08T20:58:00	6.974	79.0348	500	12.57	0	0.15	0	1	1	12.57	0	0.15	0	0.84	0	0.01	0	1.26	8	1.06	8	0.01	8	-0.01	0	0	0	1	1	-0.01	0	0	0	4.33	4	0.62	4		1	4.33	4	0.62	4	-0.17	1	0.01	1	1.21	1	-0.17	1	0.01	1
PS99/063-2	SV_III	2016-07-09T01:47:00	6.974	79.0348	1000	14.74	0	0.18	0	1	1	14.74	0	0.18	0	0.99	0	0.01	0	1.26	8	1.25	8	0.01	8	-0.02	0	0	0	1	1	-0.02	0	0	0	4.36	4	0.7	4		1	4.36	4	0.7	4	-0.16	1	0	1	1.21	1	-0.16	1	0	1
PS99/063-2	SV_III	2016-07-09T01:47:00	8.3628	79.0027	10	4.08	4	0.02	4	1.03	0	4.2	0	0.02	0	0.29	0	0.01	0	1.23	8	0.36	8	0.01	8	0.1	0	0	0	1	1	0.1	0	0	0	-0.24	4	0.34	4	1	1	-0.24	4	0.34	4	0.16	1	0	1	1.79	1	0.29	1	0	1
PS99/063-2	SV_III	2016-07-09T01:47:00	8.3628	79.0027	17	5.02	4	0.05	4	1.03	0	5.17	0	0.05	0	0.36	0	0	0	1.23	8	0.45	8	0	8	0.11	0	0	0	1	1	0.11	0	0	0	-0.33	4	0.06	4	1	1	-0.33	4	0.06	4	0.38	1	0	1	1.79	1	0.69	1	0.01	1
PS99/063-2	SV_III	2016-07-09T01:47:00	8.3628	79.0027	50	9.18	4	0.04	4	1.03	0	9.45	0	0.04	0	0.63	0	0.01	0	1.23	8	0.78	8	0.01	8	0.14	0	0	0	1	1	0.14	0	0	0	0.79	4	1.11	4	1	1	0.79	4	1.11	4	0.42	1	0	1	1.79	1	0.76	1	0	1
PS99/063-2	SV_III	2016-07-09T01:47:00	8.3628	79.0027	75	11.05	4	0.04	4	1.03	0	11.38	0	0.04	0	0.73	0	0	0	1.23	8	0.9	8	0.01	8	0.06	0	0	0	1	1	0.06	0	0	0	1.63	4	1.52	4	1	1	1.63	4	1.52	4	-0.02	1	0	1	1.79	1	-0.02	1	0	1
PS99/063-2	SV_III	2016-07-09T01:47:00	8.3628	79.0027	100	11.69	4	0.04	4	1.03	0	12.04	0	0.04	0	0.75	0	0.01	0	1.23	8	0.93	8	0.01	8	0	0	0	0	1	1	0	0	0	0	-0.09	4	0.98	4	1	1	-0.09	4	0.98	4	-0.02	1	0	1	1.79	1	-0.04	1	0	1
PS99/063-2	SV_III	2016-07-09T01:47:00	8.3628	79.0027	250	11.59	4	0.08	4	1.03	0	11.94	0	0.08	0	0.78	0	0	0	1.23	8	0.96	8	0	8	-0.01	0	0	0	1	1	-0.01	0	0	0	-0.38	4	0.53	4	1	1	-0.38	4	0.53	4	-0.02	1	0	1	1.79	1	-0.04	1	0	1
PS99/063-2	SV_III	2016-07-09T01:47:00	8.3628	79.0027	500	11.83	4	0.04	4	1.03	0	12.18	0	0.04	0	0.81	0	0.02	0	1.23	8	1	8	0.03	8	0	0	0	0	1	1	0	0	0	0	-0.34	4	0.48	4	1	1	-0.34	4	0.48	4	-0.02	1	0	1	1.79	1	-0.04	1	0	1
PS99/064-2	SV_II	2016-07-09T05:59:00	8.3628	79.0027	750	13.25	4	0.03	4	1.03	0	13.64	0	0.03	0	0.91	0	0.01	0	1.23	8	1.12	8	0.01	8	-0.01	0	0	0	1	1	-0.01	0	0	0	1.22	4	1.34	4	1	1	1.22	4	1.34	4	-0.02	1	0	1	1.79	1	-0.04	1	0	1
PS99/064-2	SV_II	2016-07-09T05:59:00	9.5125	78.981	10	0.57	0	0.02	0	1	1	0.57	0	0.02	0	0.08	0	0.02	0	1.3	8	0.1	8	0.02	8	-0.01	0	0	0	1	1	-0.01	0	0	0	3.29	4	2.7	4	1.02	4	3.36	4	2.76	4	-0.18	1	0.01	1	1.55	1	-0.18	1	0.01	1
PS99/064-2	SV_II	2016-07-09T05:59:00	9.5125	78.981	33	3.04	0	0	0	1	1	3.04	0	0	0	0.39	0	0.01	0	1.3	8	0.51	8	0.01	8	0.08	0	0	0	1	1	0.08	0	0	0	2.96	4	1.72	4	1.02	4	3.02	4	1.75	4	2.13	1	0.02	1	1.55	1	3.31	1	0.03	1
PS99/064-2	SV_II	2016-07-09T05:59:00	9.5125	78.981	60	7	0	0.01	0	1	1	7	0	0.01	0	0.66	0	0.01	0	1.3	8	0.86	8	0.01	8	0.23	0	0	0	1	1	0.23	0	0	0	2.74	4	1.76	4	1.02	4	2.8	4	1.79	4	2.42	1	0.01	1	1.55	1	3.77	1	0.01	1
PS99/064-2	SV_II	2016-07-09T05:59:00	9.5125	78.981	75	7.67	0	0.04	0	1	1	7.67	0	0.04	0	0.67	0	0.01	0	1.3	8	0.87	8	0.01	8	0.29	0	0	0	1	1	0.29	0	0	0	3.78	4	1.03	4	1.02	4	3.86	4	1.05	4	1.83	1	0	1	1.55	1	2.84	1	0.01	1
PS99/064-2	SV_II	2016-07-09T05:59:00	9.5125	78.981	100	9.05	0	0.16	0	1	1	9.05	0	0.16	0	0.69	0	0	0	1.3	8	0.9	8	0	8	0.38	0	0	0	1	1	0.38	0	0	0	2.81	4	2.15	4	1.02	4	2.87	4	2.2	4	1.08	1	0.01	1	1.55	1	1.68	1	0.01	1
PS99/065-2	SV_I	2016-07-09T11:24:00	9.5125	78.981	216	10.6	0	0.13	0	1	1	10.6	0	0.13	0	0.76	0	0.01	0	1.3	8	0.98	8	0.01	8	0.32	0	0	0	1	1	0.32	0	0	0	1.51	4	0.14	4	1.02	4	1.55	4	0.14	4	0.05	1	0.01	1	1.55	1	0.07	1	0.01	1
PS99/065-2	SV_I	2016-07-09T11:24:00	11.0925	79.0263	5	0.14	0	0.04	0	0.96	8	0.14	8	0.04	8	0.08	0	0.01	0	1.33	8	0.11	8	0.01	8	-0.01	0	0	0	1	1	-0.01	0	0	0		1		1		1		1		1	-0.37	1	0.01	1	1.55	1	-0.37	1	0.01	1
PS99/065-2	SV_I	2016-07-09T11:24:00	11.0925	79.0263	18	0.41	0	0.02	0	0.96	8	0.39	8	0.02	8	0.13	0	0	0	1.33	8	0.18	8	0	8	0.01	0	0	0	1	1	0.01	0	0	0		1		1		1		1		1	-0.27	1	0.01	1	1.55	1	-0.27	1	0.01	1
PS99/065-2	SV_I	2016-07-09T11:24:00	11.0925	79.0263	45	3.61	0	0.04	0	0.96	8	3.46	8	0.04	8	0.39	0	0	0	1.33	8	0.52	8	0	8	0.11	0	0	0	1	1	0.11	0	0	0		1		1		1		1		1	1.6	1	0	1	1.55	1	2.48	1	0	1
PS99/065-2	SV_I	2016-07-09T11:24:00	11.0925	79.0263	90	7.16	0	0.11	0	0.96	8	6.85	8	0.11	8	0.58	0	0	0	1.33	8	0.78	8	0	8	0.27	0	0	0	1	1	0.27	0	0	0		1		1		1		1		1	1.83	1	0	1	1.55	1	2.84	1	0	1
PS99/065-2	SV_I	2016-07-09T11:24:00	11.0925	79.0263	100	7.43	0	0.08	0	0.96	8	7.11	8	0.07	8	0.6	0	0	0	1.33	8	0.8	8	0	8	0.28	0	0	0	1	1	0.28	0	0	0		1		1		1		1		1	1.82	1	0	1	1.55	1	2.81	1	0.01	1
PS99/065-2	SV_I	2016-07-09T11:24:00	11.0925	79.0263	200	9.61	0	0.06	0	0.96	8	9.2	8	0.06	8	0.69	0	0	0	1.33	8	0.92	8	0	8	0.36	0	0	0	1	1	0.36	0	0	0		1		1		1		1		1	0.6	1	0.01	1	1.55	1	0.93	1	0.02	1
PS99/065-2	SV_I	2016-07-09T11:24:00	11.0925	79.0263	5	0.8	1	0.03	1	0.96	1	0.78	1	0.03	1	0.01	1	0	1	1.21	1	0.01	1	0	1	0	1	0	1	1	1	0	1	0	1		1		1		1		1		1	-0.37	1	0.02	1	1.27	1	-0.37	1	0.02	1
PS99/065-2	SV_I	2016-07-09T11:24:00	11.0925	79.0263	18	0.75	1	0.04	1	0.96	1	0.73	1	0.03	1	0.08	1	0	1	1.21	1	0.09	1	0	1	0.01	1	0	1	1	1	0.01	1	0	1		1		1		1		1		1	-0.32	1	0.01	1	1.27	1	-0.32	1	0.01	1
PS99/065-2	SV_I	2016-07-09T11:24:00	11.0925	79.0263	40	1.01	1	0.03	1	0.96	1	0.97	1	0.03	1	0.09	1	0.01	1	1.21	1	0.11	1	0.01	1	0.04	1	0	1	1	1	0.04	1	0	1		1		1		1		1		1	-0.27	1	0	1	1.27	1	-0.27	1	0	1
PS99/065-2	SV_I	2016-07-09T11:24:00	11.0925	79.0263	90	6.28	1	0.01	1	0.96	1	6.05	1	0.01	1	0.39	1	0	1	1.21	1	0.47	1	0	1	0.1	1	0	1	1	1	0.1	1	0	1		1		1		1		1		1	-0.03	1	0	1	1.27	1	-0.03	1	0	1
PS99/065-2	SV_I	2016-07-09T11:24:00	11.0925	79.0263	100	11.46	1	0.01	1	0.96	1	11.05	1	0.01	1	0.71	1	0	1	1.21	1	0.86	1	0.01	1	0.22	1	0	1	1	1	0.22	1	0	1		1		1		1		1		1	0.6	1	0	1	1.27	1	0.75	1	0	1
PS99/069-2	HG_III	2016-07-10T20:45:00	11.0925	79.0263	200	13.76	1	0.1	1	0.96	1	13.27	1	0.1	1	0.73	1	0	1	1.21	1	0.88	1	0	1	0.18	1	0	1	1	1	0.18	1	0	1		1		1		1		1		1	-0.1	1	0	1	1.27	1	-0.1	1	0	1
PS99/069-2	HG_III	2016-07-10T20:45:00	4.5967	79.1077	10	1.35	0	0.05	0	1.07	8	1.44	8	0.05	8		1		1		1		1		1	0.01	0	0	0		1	0.01	0	0	0	1.05	0	0.01	0	1	1	1.05	0	0.01	0	-0.05	1	0	1		1	-0.05	1	0	1
PS99/069-2	HG_III	2016-07-10T20:45:00	4.5967	79.1077	17	3.83	0	0.06	0	1.07	8	4.09	8	0.06	8		1		1		1		1		1	0.05	0	0	0		1	0.05	0	0	0	2.14	0	0.41	0	1	1	2.14	0	0.41	0	-0.03	1	0	1		1	-0.03	1	0	1
PS99/069-2	HG_III	2016-07-10T20:45:00	4.5967	79.1077	44	7.84	0	0.06	0	1.07	8	8.37	8	0.06	8		1		1		1		1		1	0.04	0	0	0		1	0.04	0	0	0	2.66	0	0.04	0	1	1	2.66	0	0.04	0	0.18	1	0	1		1	0.18	1	0	1
PS99/069-2	HG_III	2016-07-10T20:45:00	4.5967	79.1077	75	9.61	0	0.06	0	1.07	8	10.26	8	0.06	8		1		1		1		1		1	0.18	0	0	0		1	0.18	0	0	0	3.45	0	0.07	0	1	1	3.45	0	0.07	0	0.68	1	0	1		1	0.68	1	0	1
PS99/069-2	HG_III	2016-07-10T20:45:00	4.5967	79.1077	100	11.07	0	0.02	0	1.07	8	11.81	8	0.02	8		1		1		1		1		1	0.3	0	0	0		1	0.3	0	0	0	3.84	0	0.04	0	1	1	3.84	0	0.04	0	0.05	1	0	1		1	0.05	1	0	1
PS99/069-2	HG_III	2016-07-10T20:45:00	4.5967	79.1077	250	11.69	0	0.03	0	1.07	8	12.47	8	0.03	8		1		1		1		1		1	-0.02	0	0	0		1	-0.02	0	0	0	3.95	0	0.06	0	1	1	3.95	0	0.06	0	-0.06	1	0	1		1	-0.06	1	0	1
PS99/069-2	HG_III	2016-07-10T20:45:00	4.5967	79.1077	500	12.44	0	0	0	1.07	8	13.28	8	0	8		1		1		1		1		1	-0.02	0	0	0		1	-0.02	0	0	0	4.89	0	0.07	0	1	1	4.89	0	0.07	0	-0.06	1	0	1		1	-0.06	1	0	1
PS99/069-2	HG_III	2016-07-10T20:45:00	4.5967	79.1077	750	13.01	0	0.11	0	1.07	8	13.89	8	0.12	8		1		1		1		1		1	-0.02	0	0	0		1	-0.02	0	0	0	5.63	0	0.05	0	1	1	5.63	0	0.05	0	-0.07	1	0	1		1	-0.07	1	0	1
PS99/069-2	HG_III	2016-07-10T20:45:00	4.5967	79.1077	1000	13.79	0	0.04	0	1.07	8	14.72	8	0.04	8		1		1		1		1		1	-0.02	0	0	0		1	-0.02	0	0	0	7.31	0	0	0	1	1	7.31	0	0	0	-0.07	1	0	1		1	-0.07	1	0	1
PS99/069-2	HG_III	2016-07-10T20:45:00	4.5967	79.1077	1500	14.87	0	0.02	0	1.07	8	15.87	8	0.02	8		1		1		1		1		1	-0.03	0	0	0		1	-0.03	0	0	0	11.37	0	0.06	0	1	1	11.37	0	0.06	0	-0.07	1	0	1		1	-0.07	1	0	1
PS99/069-2	HG_III	2016-07-10T20:45:00	4.5967	79.1077	2000	14.97	0	0.11	0	1.07	8	15.97	8	0.12	8		1		1		1		1		1	-0.02	0	0	0		1	-0.02	0	0	0	12.6	0	0.19	0	1	1	12.6	0	0.19	0	-0.07	1	0.01	1		1	-0.07	1	0.01	1
